State,District,avg_RAS,station_count,avg_supply_index,avg_demand_index,total_schedule_rows,avg_route_connectivity
Andhra Pradesh,Adilabad,0.6072952172389331,16,0.19797396182141822,0.07988949923017097,1215,0.875
Andhra Pradesh,Anantapur,0.33667668313404775,53,0.08176123277410952,0.11665854333444554,1691,0.5094339622641509
Andhra Pradesh,Chittoor,0.34974620148273944,44,0.09953418622508999,0.13693477485081612,1690,1.3636363636363635
Andhra Pradesh,East Godavari,0.6560205779859776,24,0.31905501217157883,0.13911071315086054,2931,0.9166666666666666
Andhra Pradesh,Guntur,0.32514702476275903,61,0.14584928760449414,0.18589055825989226,3430,0.7704918032786885
Andhra Pradesh,Hyderabad,0.6845298644697665,26,0.253177598918677,0.06832940129292299,2440,11.461538461538462
Andhra Pradesh,Karimnagar,0.7825549055215256,11,0.34228674743144194,0.09510971512517372,1441,0.0
Andhra Pradesh,Khammam,0.5171796346300153,23,0.18480419836068962,0.09055471919752897,1633,0.6521739130434783
Andhra Pradesh,Krishna,0.3563155953283957,38,0.15104940301325015,0.18008184976861674,2205,1.1842105263157894
Andhra Pradesh,Kurnool,0.48792393296074993,39,0.0953781456081979,0.08883790001777855,1448,0.3333333333333333
Andhra Pradesh,Mahbubnagar,0.49564314981931523,34,0.08697763979195369,0.07271606495459298,1156,0.11764705882352941
Andhra Pradesh,Medak,0.4736140633200132,14,0.07063475215273048,0.06501075507366297,389,0.14285714285714285
Andhra Pradesh,Nalgonda,0.47603781979356047,23,0.10680720245937639,0.06706181842547454,956,0.0
Andhra Pradesh,Nizamabad,0.3517062773410064,16,0.06950297686271426,0.1148636868261795,432,1.375
Andhra Pradesh,Prakasam,0.6379207819036294,35,0.2800415368287925,0.0800032639711579,3757,0.05714285714285714
Andhra Pradesh,Rangareddy,0.6520402821877153,41,0.19937775468766405,0.0735416349577146,3111,2.926829268292683
Andhra Pradesh,Sri Potti Sriramulu Nellore,0.7305803431361689,28,0.34418817891670095,0.11416257571530745,3681,0.8928571428571429
Andhra Pradesh,Srikakulam,0.6437881949089557,26,0.19831251798412802,0.06590995939190283,1984,0.038461538461538464
Andhra Pradesh,Visakhapatnam,0.4874995293182279,25,0.21466626670817743,0.10581241400351639,2095,2.12
Andhra Pradesh,Vizianagaram,0.5104548500483821,23,0.13256456639652503,0.08673201834862591,1181,0.0
Andhra Pradesh,Warangal,0.6367548468627191,25,0.23828063822606146,0.09692346585795306,2284,0.48
Andhra Pradesh,West Godavari,0.4895374597762747,42,0.1957593663929577,0.14009579839373199,3160,0.5952380952380952
Assam,Baksa,0.06365883892245829,1,0.0026329749802418614,0.03872773823428977,2,0.0
Assam,Barpeta,0.6568706000407001,6,0.16148913212150087,0.08293821268155374,374,0.0
Assam,Bongaigaon,0.5530039427643323,5,0.09531369428475539,0.06989423854484793,186,0.0
Assam,Cachar,0.1169666923789207,12,0.014948928108367182,0.10765320831984963,79,0.9166666666666666
Assam,Chirang,0.7868986105531907,7,0.21075481273786756,0.05582124574322462,565,1.1428571428571428
Assam,Dhubri,0.022657837098545526,4,0.003013203117123991,0.129834007021054,8,0.5
Assam,Dibrugarh,0.28498559824401454,13,0.04981455498492409,0.11277054164087072,250,2.3846153846153846
Assam,Dima Hasao,0.21488550391727532,15,0.016324444877499542,0.05614872659504961,108,0.0
Assam,Goalpara,0.6238518524412727,7,0.07786083155858077,0.04646069280288941,214,0.0
Assam,Golaghat,0.45022731501670443,16,0.06328645656002521,0.05447011597930293,400,0.125
Assam,Hailakandi,0.07000701294095461,9,0.007313819389560726,0.08745930845664002,34,0.0
Assam,Jorhat,0.4356983824407332,12,0.05592618814654931,0.055592413359124376,264,0.8333333333333334
Assam,Kamrup,0.6517659845878689,11,0.11202111734119921,0.04281058681988206,479,0.0
Assam,Kamrup Metropolitan,0.49087458859344757,13,0.14195421646915055,0.12867723030938846,685,7.6923076923076925
Assam,Karbi Anglong,0.6349249031908325,9,0.10736686863875146,0.06160302102116012,376,0.0
Assam,Karimganj,0.1055990830810024,19,0.013623644647017515,0.11189168136643292,115,0.42105263157894735
Assam,Kokrajhar,0.4753071775290976,12,0.11676262830029045,0.06509836043902319,543,0.3333333333333333
Assam,Nagaon,0.22666535658921383,32,0.04678995852262513,0.10492412241069879,597,0.5625
Assam,Nalbari,0.8514146150029009,4,0.1790422986564466,0.031245727296498285,276,0.0
Assam,Sivasagar,0.43691698140837987,19,0.05568268001843904,0.05292867419783592,429,0.0
Assam,Sonitpur,0.051622811862522454,10,0.0036158437405487886,0.06491212523921519,22,0.6
Assam,Tinsukia,0.25896549677792136,12,0.03798745918548347,0.09401572375063257,184,0.9166666666666666
Assam,Udalguri,0.035056722370635236,6,0.0026329749802418614,0.07247316165183916,12,0.0
Bihar,Araria,0.3183558297853427,11,0.035547394121088476,0.07002655129563108,152,2.3636363636363638
Bihar,Aurangabad,0.5919283196536013,12,0.18435985434913627,0.08472453812064014,864,0.0
Bihar,Banka,0.2742228070745493,10,0.01881677739416177,0.047244581533729804,78,1.2
Bihar,Begusarai,0.5124904811868684,26,0.15793101063111945,0.1049844873055536,1576,1.2692307692307692
Bihar,Bhagalpur,0.29386061789880574,29,0.09260583080920966,0.19533506858843344,1038,1.3103448275862069
Bihar,Bhojpur,0.49277350183176655,19,0.17692662302373466,0.10729425378584394,1294,0.3157894736842105
Bihar,Buxar,0.6540654614070632,8,0.31428890397995335,0.15174884173849995,956,3.0
Bihar,Darbhanga,0.30156854496965196,19,0.06965462853014677,0.12622368217452157,502,3.5789473684210527
Bihar,Gaya,0.3517677192773685,28,0.13289767161553256,0.1584236021003956,1430,1.9642857142857142
Bihar,Gopalganj,0.20380651562652521,8,0.019907786639352915,0.06651804876962353,63,2.375
Bihar,Jamui,0.6995344353368611,11,0.21129735810832104,0.06359595434967522,890,1.1818181818181819
Bihar,Jehanabad,0.24745097492574644,11,0.03638292699970572,0.06867275475860955,163,0.0
Bihar,Katihar,0.5277799890571959,37,0.1438597959229309,0.08886042144314377,2043,1.4594594594594594
Bihar,Khagaria,0.39201551639182436,14,0.11163393398792518,0.13524131188760513,607,0.14285714285714285
Bihar,Kishanganj,0.8476177802287379,5,0.29444837281400316,0.05085948477862491,563,0.8
Bihar,Lakhisarai,0.5795411364934702,25,0.14978455039721897,0.058867478496207985,1442,0.72
Bihar,Madhepura,0.21153782096321483,5,0.013047130019976108,0.04392966213633984,24,4.0
Bihar,Madhubani,0.16839426829619977,18,0.028790101922956272,0.1186190510266404,205,1.8888888888888888
Bihar,Munger,0.2929381381481844,13,0.09035229972473992,0.19189402718494758,461,1.5384615384615385
Bihar,Muzaffarpur,0.5102699643499939,15,0.1799428545655403,0.14768883066792765,1028,2.8
Bihar,Nalanda,0.23045997936652995,13,0.03053773058541193,0.09964842667771576,158,1.5384615384615385
Bihar,Nawada,0.16963210091398712,11,0.02226060665113574,0.09793457953453454,104,0.0
Bihar,Pashchim Champaran,0.2971822250938154,24,0.05075768038511388,0.09824958387880856,478,1.25
Bihar,Patna,0.36059112337627575,58,0.22604795113689521,0.3089839437530669,4994,2.6551724137931036
Bihar,Purba Champaran,0.2884832007619488,27,0.04603890409086997,0.08130799441854519,489,1.2962962962962963
Bihar,Purnia,0.2644657541640802,16,0.02666602716943211,0.06749154139559295,174,0.875
Bihar,Rohtas,0.4538078007604719,13,0.16751032835294324,0.11483677073906486,837,1.7692307692307692
Bihar,Saharsa,0.1911332766943794,10,0.04117907729708251,0.14674692836503175,156,3.6
Bihar,Samastipur,0.24722219808639248,28,0.10282999770058565,0.2547444846925223,1112,1.1785714285714286
Bihar,Sheikhpura,0.2649298279463014,5,0.022643584830080013,0.05176231175163594,48,0.0
Bihar,Sitamarhi,0.15852558983104323,15,0.02091934111463085,0.10109374402003621,131,0.7333333333333333
Bihar,Siwan,0.47452600012709745,8,0.14840432473023282,0.13677645972143054,454,2.125
Bihar,Supaul,0.3225561323299155,4,0.02823089048682926,0.05910020720423685,44,2.5
Bihar,Vaishali,0.3942970667423448,16,0.1139052987748781,0.12828558027987605,705,0.6875
Chandigarh,Chandigarh,0.3659635746517988,1,0.13293254331240467,0.23030727758749014,46,19.0
Chhattisgarh,Bastar,0.1603814450290445,9,0.006481588853348459,0.030038289372357713,30,0.4444444444444444
Chhattisgarh,Bilaspur,0.5861083562346842,21,0.14176518380953157,0.07948433248338593,1141,1.7619047619047619
Chhattisgarh,Dakshin Bastar Dantewada,0.14546701910035156,8,0.002823089048682926,0.016511396132126144,16,0.25
Chhattisgarh,Dhamtari,0.28458733751398324,5,0.014077422429726417,0.035227767924560206,30,1.2
Chhattisgarh,Durg,0.4200611839004925,20,0.13422163553959673,0.11108435989902002,1042,1.7
Chhattisgarh,Korba,0.3778297301700224,7,0.032740473027539164,0.052995479182726436,90,2.0
Chhattisgarh,Koriya,0.48130306051866334,10,0.028225166091242655,0.027751605783538448,112,1.8
Chhattisgarh,Mahasamund,0.5933800209639961,6,0.06319139952580469,0.04330257953190761,150,0.0
Chhattisgarh,Raigarh,0.7541629781385949,8,0.15572575197115196,0.05072392910794042,480,0.5
Chhattisgarh,Raipur,0.4245708763576899,24,0.15638122943271307,0.13391859008177381,1440,1.5833333333333333
Chhattisgarh,Rajnandgaon,0.8289649658348761,9,0.2205847927891515,0.04551091385515153,763,0.0
Chhattisgarh,Surguja,0.3188967678939171,6,0.019444766560045377,0.04136108024827282,48,1.3333333333333333
Goa,North Goa,0.7357143092062568,3,0.12374982407136748,0.04445381492659897,144,0.0
Goa,South Goa,0.5913284179073892,19,0.08268401100421857,0.04690846379967671,605,2.3157894736842106
Gujarat,Ahmadabad,0.18064917257103932,58,0.13219275197696756,0.45021390694062513,2970,2.2586206896551726
Gujarat,Amreli,0.223482631513139,34,0.013144192185977009,0.042675790858293344,202,0.17647058823529413
Gujarat,Anand,0.3049186568915167,15,0.1324326456964539,0.0725691253860179,766,0.8
Gujarat,Banas Kantha,0.3853359138863591,25,0.06668328050431653,0.060345045886048075,657,0.16
Gujarat,Bharuch,0.6757451554044265,10,0.4099599288192445,0.08506821411284836,1565,0.7
Gujarat,Bhavnagar,0.24742838564273087,26,0.04202126306218344,0.11651953528937477,424,2.4615384615384617
Gujarat,Dohad,0.7304280755042717,10,0.24174798819768437,0.08125658952725397,927,0.4
Gujarat,Gandhinagar,0.4794902260933649,15,0.0950266122372945,0.060892205011084735,571,0.4
Gujarat,Jamnagar,0.3762653311339662,35,0.06607155275721045,0.09228660794599892,900,1.3142857142857143
Gujarat,Junagadh,0.23609389710791245,31,0.029979831665992208,0.08394948070436666,373,1.2258064516129032
Gujarat,Kachchh,0.2823697584844763,24,0.036588404444863235,0.08469764238303994,350,1.0833333333333333
Gujarat,Kheda,0.3964247852929204,17,0.19225527357116357,0.07275167554549085,1256,0.47058823529411764
Gujarat,Mahesana,0.43810075161163975,25,0.09775925454587445,0.07769629495719903,946,1.0
Gujarat,Navsari,0.7304115428904319,8,0.40976388679462294,0.12661406943689246,1251,0.875
Gujarat,Panch Mahals,0.6369610337502445,9,0.20600258180056508,0.06982496404292264,712,0.4444444444444444
Gujarat,Patan,0.30302855549642993,16,0.03522319585521816,0.052104651027683774,226,0.875
Gujarat,Porbandar,0.4872414500325489,4,0.05195628728693906,0.04417284770245657,76,6.0
Gujarat,Rajkot,0.2394311790782239,42,0.07189964724024281,0.16942322910306207,1184,0.40476190476190477
Gujarat,Sabar Kantha,0.22267302899026897,20,0.01511882525490047,0.04680610611580349,134,0.5
Gujarat,Surat,0.3800870997180264,23,0.34316842798976116,0.4420626499736667,3019,1.565217391304348
Gujarat,Surendranagar,0.5509605979553048,34,0.10041956873693518,0.057068204541555714,1329,0.17647058823529413
Gujarat,Tapi,0.7344572423697299,7,0.1273014945040669,0.04601551948350709,348,0.0
Gujarat,The Dangs,0.32288354705123024,1,0.02112104379780098,0.0442927686763596,7,7.0
Gujarat,Vadodara,0.32277378250195243,46,0.1930704358510714,0.20094503123599547,3407,1.2173913043478262
Gujarat,Valsad,0.8277308275221192,12,0.4528860075905667,0.08671728322821931,2070,1.75
Haryana,Ambala,0.7154121024825246,8,0.2775662620606565,0.09615263953688598,845,2.75
Haryana,Bhiwani,0.28641119715025587,14,0.05160175547739276,0.12020863655955996,280,2.0714285714285716
Haryana,Faridabad,0.587760420005354,6,0.3800260554815753,0.1998809655046249,872,0.0
Haryana,Fatehabad,0.3398329628740525,8,0.061596896427505404,0.10576410833379439,194,0.5
Haryana,Gurgaon,0.46194651169974643,11,0.1417390944016361,0.12429853118843402,602,0.36363636363636365
Haryana,Hisar,0.2878440886165788,12,0.04390199765598638,0.09906585593053265,204,2.3333333333333335
Haryana,Jhajjar,0.6155104556960602,4,0.11848387411088375,0.06826375244066256,184,0.0
Haryana,Jind,0.3685850003653593,22,0.06868853474397625,0.09159265355630554,589,1.0909090909090908
Haryana,Kaithal,0.2357901131832567,9,0.016675508208198457,0.053976517176920646,66,0.0
Haryana,Karnal,0.6242480264885716,8,0.2448666731624931,0.14739195285172307,752,0.0
Haryana,Kurukshetra,0.6528195840630714,6,0.21165194011770125,0.08441586942341965,486,1.3333333333333333
Haryana,Mahendragarh,0.24977334853763516,10,0.02761592343585913,0.08174701486658921,120,0.0
Haryana,Palwal,0.7575795849312763,5,0.4347450542494128,0.10603378989701506,830,0.4
Haryana,Panchkula,0.43548266542598824,2,0.08100487800339866,0.09922804990178748,54,16.5
Haryana,Panipat,0.2592917712812048,12,0.09350468264148735,0.1602838084096715,437,0.3333333333333333
Haryana,Rewari,0.441121588879352,15,0.08760107304905353,0.07900111798481677,505,2.8
Haryana,Rohtak,0.44173140793339644,11,0.09842509590054113,0.10193394687881735,417,1.6363636363636365
Haryana,Sirsa,0.22180955316097084,8,0.0338116513308767,0.1178248658919643,109,0.75
Haryana,Sonipat,0.4219461929262866,12,0.14700776973017057,0.12717562524804063,682,0.0
Haryana,Yamunanagar,0.5787948949114959,6,0.1961566360280187,0.12156670544760599,453,0.0
Himachal Pradesh,Kangra,0.45873214805094553,32,0.039320864948516464,0.037397859981783035,507,0.3125
Himachal Pradesh,Mandi,0.16636584236614815,3,0.00891286663907793,0.04447163079015729,12,1.3333333333333333
Himachal Pradesh,Shimla,0.28246799620009755,5,0.030787819839694697,0.07791152344308161,60,2.4
Himachal Pradesh,Solan,0.32135397647232,12,0.028962724782660473,0.061164446197454016,144,0.0
Himachal Pradesh,Una,0.3306327783680171,2,0.021092421819867938,0.042476070605971424,16,3.5
Jharkhand,Bokaro,0.3315347916201515,22,0.0625104836325401,0.09377536397605316,542,0.36363636363636365
Jharkhand,Deoghar,0.523765210336427,18,0.1417250139570849,0.04948462804138866,971,3.0555555555555554
Jharkhand,Dhanbad,0.21974642922434262,45,0.09292748240406083,0.24450757756945798,1613,1.5555555555555556
Jharkhand,Dumka,0.09268974139756513,5,0.006927504971591876,0.06590525753417358,17,0.8
Jharkhand,Garhwa,0.5961901375455282,4,0.05265949960483723,0.0356671872833971,84,0.0
Jharkhand,Giridih,0.49568676066937734,13,0.1234478305230081,0.08432607558337556,620,1.0769230769230769
Jharkhand,Gumla,0.4958206502451123,2,0.04739354964435351,0.048118718395362636,38,0.0
Jharkhand,Hazaribagh,0.41071544912412966,3,0.057047791238573675,0.06851932642188228,68,0.0
Jharkhand,Jamtara,0.8080102863864953,6,0.2648674709388951,0.04729746236711282,609,0.3333333333333333
Jharkhand,Khunti,0.6384401772307055,6,0.04563823299085893,0.025816633343152914,110,0.0
Jharkhand,Kodarma,0.782382303643367,11,0.19593034715200092,0.04061765790850329,830,0.18181818181818182
Jharkhand,Latehar,0.6978596372770137,13,0.07268797351567272,0.026477587389935494,369,0.7692307692307693
Jharkhand,Lohardaga,0.3845239567594665,3,0.020458708258397722,0.03250719956908864,24,2.6666666666666665
Jharkhand,Pakur,0.697707500876532,3,0.17026571538897373,0.07077043882500467,197,0.0
Jharkhand,Palamu,0.4780291569257233,16,0.0637326108517103,0.061241781126438785,403,0.0625
Jharkhand,Pashchimi Singhbhum,0.4343238920030194,21,0.062299723951291526,0.046436232125759924,515,0.47619047619047616
Jharkhand,Purbi Singhbhum,0.42358324242496953,11,0.15770122904007444,0.19521375052937423,658,3.727272727272727
Jharkhand,Ramgarh,0.4030146025339072,16,0.05059686682991856,0.06596420030130706,320,0.75
Jharkhand,Ranchi,0.3415526033014065,20,0.10153553186184341,0.1496690868269107,767,4.2
Jharkhand,Sahibganj,0.4017846639100712,19,0.09252940463705508,0.1178266581293783,674,2.3157894736842106
Jharkhand,Simdega,0.6633430498638615,8,0.04607706215423258,0.023348207957921658,148,0.0
Karnataka,Bagalkot,0.34577573524456756,11,0.04886688600765044,0.09229672390525946,214,0.36363636363636365
Karnataka,Bangalore Rural,0.5125551847636223,13,0.12821902105337118,0.08709061466581272,646,0.15384615384615385
Karnataka,Belgaum,0.46714871666381286,25,0.10634406070905529,0.11842434175392412,1033,0.24
Karnataka,Bellary,0.4333863939209452,13,0.07225145043295741,0.09000839891795663,368,0.46153846153846156
Karnataka,Bidar,0.3599468496323503,6,0.039494624703627926,0.07022886570604711,96,0.0
Karnataka,Bijapur,0.44425838381203464,19,0.05189258910288956,0.06146559531424706,390,0.631578947368421
Karnataka,Chikkaballapura,0.4310581205254414,6,0.12224799284246102,0.10618355616268042,284,0.3333333333333333
Karnataka,Chikmagalur,0.6538735684567749,10,0.11728431725962078,0.05235531492106514,454,0.5
Karnataka,Chitradurga,0.35006873766864044,18,0.054001881209996015,0.06134932854363252,384,0.6111111111111112
Karnataka,Dakshina Kannada,0.36501849574904505,16,0.07083377534180171,0.0860490929040911,432,3.125
Karnataka,Davanagere,0.49889393889554073,7,0.12095798302930942,0.11487863241469316,328,0.2857142857142857
Karnataka,Dharwad,0.4101384116678266,23,0.10066063327993366,0.12056521067062997,887,2.3043478260869565
Karnataka,Gadag,0.5382427724132812,10,0.061915797047165266,0.045423550326649284,244,0.4
Karnataka,Gulbarga,0.52257044996144,20,0.13300612151369554,0.1064163294044717,1028,0.4
Karnataka,Hassan,0.22939684189000104,14,0.048204235369396206,0.10630487355761702,268,0.5714285714285714
Karnataka,Haveri,0.6668731708974591,9,0.12901577403185122,0.06444796039642908,450,0.0
Karnataka,Kolar,0.4893633088952065,13,0.145623249482993,0.0992097360587169,730,1.0769230769230769
Karnataka,Koppal,0.3522350499362244,7,0.07109032446653027,0.13073605391177667,196,0.0
Karnataka,Mandya,0.3309140730410059,17,0.06954151565462328,0.11776251181096326,466,0.0
Karnataka,Mysore,0.1597049115057166,21,0.04168955187012967,0.17834240364238207,333,3.380952380952381
Karnataka,Raichur,0.5494760316654003,7,0.13708174274237386,0.10716879539185047,370,0.7142857142857143
Karnataka,Ramanagara,0.4559171119730237,6,0.1105849491701582,0.131969993967623,258,0.0
Karnataka,Shimoga,0.18318147486748992,9,0.022877265165045842,0.08148652738828788,82,2.0
Karnataka,Tumkur,0.5342375914005266,16,0.1364465692959574,0.11888910232258357,844,0.25
Karnataka,Udupi,0.7177181311447696,10,0.1084785691859647,0.042406562867850765,422,0.0
Karnataka,Uttara Kannada,0.6264946906081159,14,0.0975035961538474,0.052352721893068443,531,0.35714285714285715
Karnataka,Yadgir,0.6868060536228942,4,0.12638279905160935,0.05175689641847972,196,0.0
Kerala,Alappuzha,0.5739702195256711,20,0.14600132485220452,0.09946867528388498,1127,0.35
Kerala,Ernakulam,0.5977097475633693,16,0.2936784139241868,0.1637674077423491,1783,3.8125
Kerala,Kannur,0.6259208376929113,12,0.1972046485692723,0.11731376715137894,905,1.6666666666666667
Kerala,Kasaragod,0.7553512503193481,10,0.1820906623894655,0.05897481241971771,701,0.2
Kerala,Kollam,0.4492910162979831,17,0.17003467857452917,0.11597874610668038,1103,2.411764705882353
Kerala,Kottayam,0.7600521050288174,9,0.21511714563415538,0.0678832369378992,742,0.8888888888888888
Kerala,Kozhikode,0.5820309334040727,17,0.2103109212332568,0.15096850842137016,1372,0.5882352941176471
Kerala,Malappuram,0.39826682536605695,15,0.11849150663833258,0.1340030015035284,686,0.9333333333333333
Kerala,Palakkad,0.5645955130570808,26,0.16483077620094239,0.06682435824728612,1645,1.1538461538461537
Kerala,Pathanamthitta,0.8546105927868998,1,0.21327097339959078,0.0362824199232213,82,0.0
Kerala,Thiruvananthapuram,0.5627516724217466,20,0.21772577411788596,0.15132027598334055,1649,4.3
Kerala,Thrissur,0.6699832180723345,15,0.3700556397584261,0.14489494400994352,2118,1.2
Madhya Pradesh,Anuppur,0.6788111467276514,11,0.06678181995340722,0.02870969335152102,290,0.0
Madhya Pradesh,Ashoknagar,0.47086432416511603,11,0.05577119730875943,0.053240061047285375,244,0.0
Madhya Pradesh,Balaghat,0.40121600722614814,11,0.026856048710330527,0.03404706912261694,118,1.6363636363636365
Madhya Pradesh,Betul,0.6974158291911775,17,0.2566203047092754,0.07246787105938464,1671,0.5882352941176471
Madhya Pradesh,Bhind,0.24878149209971498,8,0.01919128113545729,0.05779994956995377,64,1.0
Madhya Pradesh,Bhopal,0.5779288012702967,8,0.37308417784222564,0.20451802278723763,1128,5.875
Madhya Pradesh,Burhanpur,0.659494198647828,8,0.25408208559333967,0.07306522300754206,780,0.0
Madhya Pradesh,Chhatarpur,0.2191023977487551,6,0.01568064782846814,0.04027646039229277,40,1.0
Madhya Pradesh,Chhindwara,0.36279767140210356,35,0.06485459007850901,0.0683339717944108,887,1.0
Madhya Pradesh,Damoh,0.6887197620264454,8,0.09987009067523293,0.043480707531410256,310,0.625
Madhya Pradesh,Datia,0.7663805489377844,3,0.4054781469572466,0.12360384438405995,465,0.0
Madhya Pradesh,Dewas,0.38400977510703344,6,0.06099725370893646,0.06312697476145969,145,0.0
Madhya Pradesh,East Nimar,0.6257855441911392,20,0.21263889655585771,0.06311942409287714,1630,0.9
Madhya Pradesh,Guna,0.4196913100097368,17,0.04710783788872594,0.053083984906565795,320,0.23529411764705882
Madhya Pradesh,Gwalior,0.3819182339217976,19,0.1890319394143875,0.14613888158906485,1375,1.4736842105263157
Madhya Pradesh,Harda,0.8097079024406577,8,0.3633505472733769,0.08539219832432497,1112,0.0
Madhya Pradesh,Hoshangabad,0.7581467306539225,30,0.3077108256213233,0.0808523421222844,3532,0.4666666666666667
Madhya Pradesh,Indore,0.22035141577892375,21,0.08373583944191046,0.2596887239840625,660,5.095238095238095
Madhya Pradesh,Jabalpur,0.4530361315948337,18,0.19423799338624978,0.15407457652353798,1334,2.7777777777777777
Madhya Pradesh,Jhabua,0.7767756296364553,8,0.2359803826041768,0.05949748755320861,725,0.0
Madhya Pradesh,Katni,0.5907346677070249,23,0.1468308402230142,0.062174276877982056,1301,0.6956521739130435
Madhya Pradesh,Mandla,0.22106338049637128,12,0.01719201971668564,0.04312555654188824,84,1.8333333333333333
Madhya Pradesh,Mandsaur,0.5503921164559297,13,0.14197811239611885,0.06936276817013157,714,0.0
Madhya Pradesh,Morena,0.25098865913047574,23,0.1161532122510499,0.1528839698623986,1040,0.2608695652173913
Madhya Pradesh,Narsimhapur,0.8665516019077244,11,0.28962724782660476,0.04460241280639932,1221,0.0
Madhya Pradesh,Neemuch,0.3602256752563898,5,0.03317548475104746,0.03637666711919746,68,0.0
Madhya Pradesh,Panna,0.7477132515575137,1,0.1026860242294326,0.034647404080864024,40,0.0
Madhya Pradesh,Raisen,0.8520807501015432,8,0.390338540820856,0.039969739412541186,1194,0.0
Madhya Pradesh,Rajgarh,0.5055473878904205,8,0.049039159007004667,0.042240571127119125,157,0.0
Madhya Pradesh,Ratlam,0.4386874820649158,20,0.13154612936220164,0.09533495535679659,1012,1.25
Madhya Pradesh,Rewa,0.7345605318710787,3,0.20227026526669123,0.04330026601224307,230,4.0
Madhya Pradesh,Sagar,0.5591430701079628,22,0.19370169601507473,0.1041838831112595,1635,0.8636363636363636
Madhya Pradesh,Satna,0.693092587214102,19,0.22523168648013972,0.055891482364535595,1642,0.42105263157894735
Madhya Pradesh,Sehore,0.695679950205097,7,0.17490476654463796,0.05958681643383109,472,0.0
Madhya Pradesh,Seoni,0.3131430069298098,9,0.027207408129165903,0.05907540590467448,102,0.0
Madhya Pradesh,Shahdol,0.5148697326691519,9,0.0563391231948851,0.03670981235003745,201,0.2222222222222222
Madhya Pradesh,Shajapur,0.6158073096832122,16,0.1154522733560671,0.06335358430433402,717,0.125
Madhya Pradesh,Sheopur,0.13124390525081459,9,0.008236905506843036,0.05443036817512063,36,0.4444444444444444
Madhya Pradesh,Shivpuri,0.3018538550979436,10,0.0684573494862884,0.061056035954368745,270,0.0
Madhya Pradesh,Sidhi,0.41551745335618545,4,0.017772581116632567,0.024955431433010898,31,0.0
Madhya Pradesh,Singrauli,0.4127414969193523,13,0.020861003015955153,0.0255519089156385,115,0.5384615384615384
Madhya Pradesh,Tikamgarh,0.6176892230660895,3,0.0552924745850791,0.034222563916998,66,0.0
Madhya Pradesh,Ujjain,0.45316240552011594,31,0.13589152703391913,0.11602697251993815,1622,1.0
Madhya Pradesh,Umaria,0.7772528602577846,11,0.08295729597374661,0.018236354017160936,357,0.18181818181818182
Madhya Pradesh,Vidisha,0.7580203011043126,13,0.39697161240569606,0.0834959854878232,1973,0.0
Madhya Pradesh,West Nimar,0.1733545128747599,4,0.023696774822176754,0.11299868484143472,40,0.0
Maharashtra,Ahmadnagar,0.623366639519631,23,0.15294633381553757,0.08439433710524247,1354,0.9130434782608695
Maharashtra,Akola,0.33791951336408116,17,0.13657030636277387,0.19882938784608878,893,1.1764705882352942
Maharashtra,Amravati,0.4337045831490958,15,0.15037939729131725,0.13488356680717828,859,2.933333333333333
Maharashtra,Aurangabad,0.33716679194557314,10,0.09851414927252714,0.18412342099529505,383,0.4
Maharashtra,Bhandara,0.42238208281995754,6,0.10996077626799898,0.07214167818905219,256,0.3333333333333333
Maharashtra,Bid,0.40199054636032233,4,0.05906613397596734,0.08745550315499809,92,1.5
Maharashtra,Buldana,0.65226360180701,9,0.21882947613565693,0.11374837678078384,757,0.0
Maharashtra,Chandrapur,0.5581414445604312,27,0.19515208420335228,0.09047971311125386,2023,0.6666666666666666
Maharashtra,Dhule,0.3353838291370659,12,0.07460572810317491,0.12152312503802108,350,0.5833333333333334
Maharashtra,Gondiya,0.6251123137361809,16,0.1478084293927337,0.056013094849316436,909,1.125
Maharashtra,Hingoli,0.3251913738521177,16,0.036532527850855825,0.06793534529226648,238,0.0
Maharashtra,Jalgaon,0.5954346536981112,39,0.30493133700254116,0.14330797941738033,4545,0.9487179487179487
Maharashtra,Jalna,0.5568399462993938,9,0.10795197418991631,0.08591338138907122,378,0.0
Maharashtra,Kolhapur,0.3800832002010338,7,0.08875952985106582,0.13270000181031028,232,5.428571428571429
Maharashtra,Latur,0.18100683280748703,16,0.03860231612025776,0.17177943534305903,250,0.125
Maharashtra,Mumbai Suburban,0.31522081098378985,21,0.3819667217545602,0.7919230954149578,3023,7.333333333333333
Maharashtra,Nagpur,0.33851193962189463,42,0.20895062958442467,0.29287098442251946,3354,1.7380952380952381
Maharashtra,Nanded,0.3019772749830092,31,0.062228631416388236,0.11899131658422939,755,0.967741935483871
Maharashtra,Nandurbar,0.5337295996473506,11,0.11708487413209868,0.09991930510690263,499,0.36363636363636365
Maharashtra,Nashik,0.5741817748496363,27,0.34058036063704394,0.2133279219894688,3522,0.9259259259259259
Maharashtra,Osmanabad,0.3457778729925835,6,0.028962724782660473,0.05479834567566144,72,0.0
Maharashtra,Parbhani,0.4019653720012738,16,0.09206622276872788,0.12434199874962808,572,0.75
Maharashtra,Pune,0.2980360464091377,54,0.20583810273677786,0.43499542349158227,4260,1.9814814814814814
Maharashtra,Raigarh,0.5139323775424817,33,0.1404996686640778,0.11923690467953327,1787,0.7272727272727273
Maharashtra,Ratnagiri,0.7078424260130546,15,0.13297886483937452,0.05487318375223142,772,0.13333333333333333
Maharashtra,Sangli,0.3791252184661316,22,0.06610610805613046,0.0754577650287255,568,1.0
Maharashtra,Satara,0.6785042115134771,14,0.11381133665436725,0.05391484309430848,618,0.2857142857142857
Maharashtra,Sindhudurg,0.7834612928190001,8,0.12958611623717442,0.03579122007185129,400,0.75
Maharashtra,Solapur,0.37818839829933587,48,0.11809095791251967,0.14619759102846042,2196,0.7916666666666666
Maharashtra,Thane,0.350067230253048,51,0.35257077408035725,0.6004602316024069,6875,0.35294117647058826
Maharashtra,Wardha,0.6755987111310492,15,0.2883282049373687,0.11100104161827153,1655,0.6
Maharashtra,Washim,0.3121310574846122,7,0.02933886406555217,0.05976666267052716,85,0.0
Maharashtra,Yavatmal,0.0791278676942807,6,0.008591239528687315,0.0982589915977909,25,0.3333333333333333
Manipur,Imphal West,0.036486890673385605,1,0.004153887527770379,0.10969213911654223,2,2.0
Mizoram,Kolasib,0.3962333547614947,1,0.004153887527770379,0.0063295497645563465,2,2.0
Odisha,Anugul,0.6854119128858515,12,0.07437519555915996,0.031751585874352596,358,0.3333333333333333
Odisha,Balangir,0.6170293011650053,14,0.07848344764217761,0.04758333765245105,429,0.5714285714285714
Odisha,Baleshwar,0.8431075135472605,17,0.2952029595494699,0.0549330265385297,1923,0.0
Odisha,Bargarh,0.9012334798146465,3,0.08425519936773956,0.009233559377738936,99,0.0
Odisha,Bhadrak,0.8961017022707708,6,0.30091960402133644,0.03488318350408211,690,1.0
Odisha,Cuttack,0.5488112242181804,24,0.18688569004427333,0.08896437581981863,1745,0.5
Odisha,Dhenkanal,0.7390953697385853,9,0.09286866521593211,0.03277995050484001,329,0.0
Odisha,Gajapati,0.06099658964004694,7,0.002632974980241861,0.04053296258740861,14,0.0
Odisha,Ganjam,0.8546803456972047,12,0.2520146824887655,0.04284709257205841,1160,0.16666666666666666
Odisha,Jagatsinghapur,0.19376742760611987,9,0.012501634648055763,0.050975392283478846,50,0.6666666666666666
Odisha,Jajapur,0.7579382379101841,15,0.24325940591619402,0.033615814989601395,1401,0.2
Odisha,Jharsuguda,0.7266021359604447,11,0.1460580069067348,0.03815408348479357,616,1.6363636363636365
Odisha,Kalahandi,0.6369448128612745,5,0.08297959688910016,0.047266658265015374,162,0.4
Odisha,Kendujhar,0.322956780952657,15,0.006549184966571949,0.012885190781532245,50,0.5333333333333333
Odisha,Khordha,0.8011590624044972,20,0.2921894944538692,0.06781895508658,2223,2.85
Odisha,Koraput,0.3881223977596296,25,0.011812081916076144,0.013763587053184064,136,0.16
Odisha,Mayurbhanj,0.07442861820378194,11,0.004654166455743164,0.0541291238545638,29,0.45454545454545453
Odisha,Nuapada,0.8344290496399304,3,0.06319139952580469,0.012538705452051492,75,0.0
Odisha,Puri,0.8989768495304067,11,0.19845584872509828,0.01862992289402207,817,7.2727272727272725
Odisha,Rayagada,0.4469159761771027,17,0.0552026110519898,0.054439125212656134,372,0.7058823529411765
Odisha,Sambalpur,0.841353395010029,18,0.11555123396940885,0.019323276080389952,808,0.7777777777777778
Odisha,Subarnapur,0.8146062451856797,1,0.08425519936773956,0.019175384261698004,33,0.0
Odisha,Sundargarh,0.449901809063549,32,0.0833427042730559,0.04322949250115563,1040,0.53125
Puducherry,Puducherry,0.20929512142990064,2,0.05160468112798998,0.19423967654996582,36,9.0
Punjab,Amritsar,0.3454274880476281,13,0.13430751793936907,0.18735149468366785,651,6.6923076923076925
Punjab,Barnala,0.4207964019745834,5,0.057925449565320954,0.07973126349949208,115,0.0
Punjab,Bathinda,0.3242283110811116,22,0.04793322865240556,0.08456084560987528,415,1.1818181818181819
Punjab,Faridkot,0.31139318981340197,10,0.04792014464040188,0.10126236732310848,192,0.0
Punjab,Fatehgarh Sahib,0.5316869914022673,6,0.1803587861465675,0.05363489301963358,417,0.0
Punjab,Firozpur,0.1478278597860129,33,0.021847300245207157,0.10342902743375473,297,1.0303030303030303
Punjab,Gurdaspur,0.42258042688379727,20,0.09017871632178481,0.09135382223604335,701,1.4
Punjab,Hoshiarpur,0.43753175224755286,17,0.09622912723293096,0.06099324762176116,636,0.47058823529411764
Punjab,Jalandhar,0.29946157536676343,34,0.11887087726930201,0.15004262976982025,1567,0.4117647058823529
Punjab,Kapurthala,0.4417329722541237,14,0.1357862811239017,0.07852150910831639,736,0.0
Punjab,Ludhiana,0.25742842344248745,22,0.12618580987801292,0.23065822823176216,1070,1.0
Punjab,Mansa,0.342325501096599,8,0.03686164972338606,0.07081846643887516,120,0.0
Punjab,Moga,0.1961028339934844,5,0.023696774822176754,0.09714173801116704,50,0.0
Punjab,Muktsar,0.16316669787019314,14,0.02294016570543902,0.08799178819632729,137,0.0
Punjab,Patiala,0.4189436602946453,12,0.14252680622704136,0.1322600751934377,661,0.16666666666666666
Punjab,Rupnagar,0.21312377779459712,12,0.019688711325322447,0.06849502626907739,100,0.5
Punjab,Sahibzada Ajit Singh Nagar,0.24934573542414543,7,0.040999181835194694,0.089032505592565,116,0.0
Punjab,Sangrur,0.43607996131144844,17,0.07638032443376783,0.08738050429761951,509,0.23529411764705882
Punjab,Shahid Bhagat Singh Nagar,0.0669080680965132,9,0.002918791343228642,0.04050447227297009,20,0.0
Rajasthan,Ajmer,0.4439007588765851,27,0.10111453888459165,0.10516521079100777,1048,2.037037037037037
Rajasthan,Alwar,0.48147064126076483,22,0.09976038378980173,0.0876940967252622,856,0.09090909090909091
Rajasthan,Baran,0.39077582756622187,12,0.029620968527720944,0.04460818972544809,147,0.0
Rajasthan,Barmer,0.32172810633869603,25,0.03342341027512131,0.06087703033463916,336,0.88
Rajasthan,Bharatpur,0.4951356453238569,26,0.10451105475251796,0.0867272070555636,1056,0.2692307692307692
Rajasthan,Bhilwara,0.39450535441776713,14,0.0409991818351947,0.05469658357278291,232,0.0
Rajasthan,Bikaner,0.2276201391776331,29,0.041150879034063545,0.12056255676143429,473,1.103448275862069
Rajasthan,Bundi,0.714068452766451,14,0.1716945909871955,0.034198005639429103,930,0.0
Rajasthan,Chittaurgarh,0.40081233238991704,18,0.04427930994344584,0.05268923248631386,320,0.3333333333333333
Rajasthan,Churu,0.19679391896828533,24,0.02316016419209847,0.08329958427333964,225,1.4583333333333333
Rajasthan,Dausa,0.576241146838643,11,0.15398369204774068,0.10352018144416894,652,0.7272727272727273
Rajasthan,Dhaulpur,0.23552564123434447,13,0.0751184119589729,0.08023525984354475,381,0.7692307692307693
Rajasthan,Dungarpur,0.12808579319130667,4,0.007898924940725586,0.05377009192617933,16,0.0
Rajasthan,Ganganagar,0.13803345248860346,28,0.025579224862782135,0.13396178451414084,285,1.8571428571428572
Rajasthan,Hanumangarh,0.18891670094439073,25,0.02765441429483585,0.10704830523695305,287,0.08
Rajasthan,Jaipur,0.30420654346464343,45,0.14136464067365517,0.26296953345724317,2446,1.8666666666666667
Rajasthan,Jaisalmer,0.495605354323427,8,0.026951198272093704,0.02729624863889456,87,1.25
Rajasthan,Jalor,0.2268995103901963,14,0.012976805259763458,0.04418652195395804,83,0.0
Rajasthan,Jhalawar,0.8383880119511007,4,0.2606645230439443,0.05024703500341439,400,0.0
Rajasthan,Jhunjhunun,0.3211817199863869,10,0.02790953479056373,0.058874728786627015,116,0.0
Rajasthan,Jodhpur,0.2631196578502739,36,0.07421161297613643,0.17047269108989999,1043,1.7222222222222223
Rajasthan,Karauli,0.7457684125990697,6,0.1922071735576559,0.054605539759854584,444,0.0
Rajasthan,Kota,0.5591814431221745,17,0.1870614736309413,0.09609570319623706,1219,1.1764705882352942
Rajasthan,Nagaur,0.46602334684143937,39,0.07513164110183415,0.06175364838360071,1157,0.1794871794871795
Rajasthan,Pali,0.6733866856452266,35,0.11074708631516672,0.043046786926817585,1506,0.11428571428571428
Rajasthan,Pratapgarh,0.5684459696862738,1,0.06512116218814837,0.04943882356403989,24,6.0
Rajasthan,Rajsamand,0.2119029376276979,10,0.007898924940725586,0.029377221530653558,40,0.0
Rajasthan,Sawai Madhopur,0.7833688109238427,16,0.2069006254023615,0.04963002645449134,1273,0.0625
Rajasthan,Sikar,0.27538740855914934,21,0.03046076766158762,0.07627841718320952,272,0.19047619047619047
Rajasthan,Sirohi,0.7855986977581927,9,0.1553455238342698,0.04239605119324527,540,0.0
Rajasthan,Tonk,0.7649915319890681,5,0.15429233384217306,0.042215037051810414,298,0.0
Rajasthan,Udaipur,0.16278179606406468,20,0.024047566738750584,0.10117596068032464,194,1.5
Tamil Nadu,Ariyalur,0.7753530789311794,6,0.11321792415040005,0.03280319477837291,264,0.0
Tamil Nadu,Chennai,0.25423017310416424,33,0.27194179017010417,0.7479737220590879,3359,10.303030303030303
Tamil Nadu,Coimbatore,0.43309292999609417,16,0.1999919234401403,0.16914197321060298,1215,3.75
Tamil Nadu,Cuddalore,0.35748638888907897,26,0.054428235182089425,0.08238297602025718,560,0.46153846153846156
Tamil Nadu,Dharmapuri,0.6269757906502896,10,0.1882577110872931,0.06756733904238424,725,0.0
Tamil Nadu,Dindigul,0.5568291121958426,10,0.10961352920102448,0.06898953723947167,424,0.8
Tamil Nadu,Erode,0.640956372337723,10,0.2270499377153981,0.08906023452786585,868,1.5
Tamil Nadu,Kancheepuram,0.4520609237235976,46,0.20089037602399806,0.206514902190314,3517,2.9130434782608696
Tamil Nadu,Kanniyakumari,0.42305170808310383,11,0.09558398353438605,0.12487297864865382,393,5.454545454545454
Tamil Nadu,Karur,0.5235524810555195,15,0.06301586786045522,0.050831082554233346,374,0.0
Tamil Nadu,Krishnagiri,0.6270260654265487,6,0.19051999858996385,0.0710722892147319,439,0.6666666666666666
Tamil Nadu,Madurai,0.4031964237508477,11,0.14712695693086325,0.20719090409478505,617,2.727272727272727
Tamil Nadu,Namakkal,0.8239606680443137,2,0.37256595970422335,0.0795979595174281,285,0.0
Tamil Nadu,Perambalur,0.8145458085633601,1,0.11321792415040005,0.025777234820568134,44,0.0
Tamil Nadu,Pudukkottai,0.30636643724236146,10,0.02264358483008001,0.05091956369899077,96,0.0
Tamil Nadu,Ramanathapuram,0.44977965804121234,9,0.050026524624595364,0.061197991047057226,180,0.0
Tamil Nadu,Salem,0.36340009488826847,29,0.15406625597321455,0.14312365492145968,1721,0.5862068965517241
Tamil Nadu,Sivaganga,0.3023613528039715,15,0.02904449480562351,0.06483611520738607,177,0.8
Tamil Nadu,Thanjavur,0.42165415813150403,22,0.06818602392818013,0.08804006764511962,590,0.2727272727272727
Tamil Nadu,The Nilgiris,0.35758427942191046,6,0.020205222833809634,0.03609967932136528,48,2.3333333333333335
Tamil Nadu,Thiruvallur,0.535679046123563,33,0.27940731098666005,0.2137786561390635,3530,0.5151515151515151
Tamil Nadu,Thiruvarur,0.31859051757760015,8,0.029723181056424734,0.05985241086598737,96,1.0
Tamil Nadu,Thoothukkudi,0.324263817957012,22,0.04935081272731861,0.08545304804933994,428,1.0
Tamil Nadu,Tiruchirappalli,0.442985529579831,32,0.10510297181589347,0.12438432806812963,1300,1.125
Tamil Nadu,Tirunelveli,0.3492241236908153,15,0.06769635038427398,0.10713933306132867,392,2.0
Tamil Nadu,Tiruppur,0.7493003898687219,4,0.34228674743144194,0.11452169956724553,524,0.0
Tamil Nadu,Tiruvannamalai,0.0537685918625957,11,0.0045478658749632155,0.07870084826692776,30,0.0
Tamil Nadu,Vellore,0.5539345253238256,42,0.2706417546998852,0.1487516980806971,4345,1.1666666666666667
Tamil Nadu,Viluppuram,0.4068734123640361,27,0.08123639431308158,0.07506906013566671,856,0.5185185185185185
Tripura,Dhalai,0.4532451372686359,4,0.01843082486169303,0.022233317665597187,32,0.0
Tripura,North Tripura,0.30555523701208237,6,0.018313622808710003,0.040711855961077716,46,1.0
Tripura,West Tripura,0.17146458346264795,5,0.019647554899715848,0.09469660398827383,40,1.6
Uttar Pradesh,Agra,0.35463484367407916,29,0.1873725599856788,0.2609132020545937,2086,1.1724137931034482
Uttar Pradesh,Aligarh,0.5106275394558534,10,0.19029376983969676,0.10186519723148776,731,0.6
Uttar Pradesh,Ambedkar Nagar,0.6638245971708328,4,0.13954767395281864,0.07067001690642286,216,0.0
Uttar Pradesh,Auraiya,0.8568979599561137,6,0.4844673963645025,0.08090610083616145,1110,0.0
Uttar Pradesh,Azamgarh,0.28151505184473535,10,0.04453816217756897,0.10522290878315062,178,0.4
Uttar Pradesh,Baghpat,0.2200833742492336,13,0.03463374781702756,0.11906681991617186,184,0.0
Uttar Pradesh,Bahraich,0.17224836650100972,17,0.05224295697477281,0.18520996714392443,352,0.47058823529411764
Uttar Pradesh,Ballia,0.4431665751742319,19,0.09746311112313993,0.0990316609065059,720,0.42105263157894735
Uttar Pradesh,Balrampur,0.25517983691587903,10,0.02264358483008001,0.06572773375778815,96,0.0
Uttar Pradesh,Banda,0.3758190837455689,8,0.07283056789371511,0.11998340821885017,228,1.0
Uttar Pradesh,Bara Banki,0.5544671074808794,19,0.16908622768473086,0.11359856588713144,1238,0.21052631578947367
Uttar Pradesh,Bareilly,0.37610493247526033,33,0.18138065720895843,0.18972312132010505,2291,1.606060606060606
Uttar Pradesh,Basti,0.6658996474175293,6,0.2330182857514048,0.10637464638758376,537,0.0
Uttar Pradesh,Bijnor,0.30814895759102123,25,0.11992976537922928,0.2095797414683368,1164,0.6
Uttar Pradesh,Budaun,0.2953891855075085,15,0.042654194679918156,0.09963441050973697,258,0.0
Uttar Pradesh,Bulandshahr,0.3878134036299951,17,0.15455380400460558,0.14101686884815234,1012,0.5882352941176471
Uttar Pradesh,Chandauli,0.6892714163091038,17,0.27766969924611784,0.0967950278739557,1805,1.7058823529411764
Uttar Pradesh,Chitrakoot,0.6658139616655477,14,0.20094598780305387,0.06697111229038685,1079,0.8571428571428571
Uttar Pradesh,Deoria,0.5404945847901592,16,0.14642243800056814,0.09329112458914689,900,1.25
Uttar Pradesh,Etah,0.1036126092849567,7,0.018113092738060648,0.14534893552930184,54,0.5714285714285714
Uttar Pradesh,Etawah,0.7577268435660095,7,0.4844673963645025,0.15490205514457292,1295,0.0
Uttar Pradesh,Faizabad,0.4871725560047703,20,0.11789268227863219,0.1026924733310487,908,1.3
Uttar Pradesh,Farrukhabad,0.14847271727427458,17,0.03432487477015953,0.18323662694137013,234,0.9411764705882353
Uttar Pradesh,Fatehpur,0.8125182403433807,12,0.37137621492639644,0.08568801812266129,1704,0.16666666666666666
Uttar Pradesh,Firozabad,0.44484427497449397,10,0.35041953364988343,0.29762937770361286,1338,1.0
Uttar Pradesh,Gautam Buddha Nagar,0.6153797378810306,9,0.32795166142790294,0.14845391911991607,1130,0.0
Uttar Pradesh,Ghaziabad,0.32613267055421363,22,0.19316871753543932,0.31656909808016803,1646,0.36363636363636365
Uttar Pradesh,Ghazipur,0.5538113075518268,29,0.1690086287079454,0.0963586714658971,1885,0.6551724137931034
Uttar Pradesh,Gonda,0.5659158116226731,25,0.18337640593168575,0.0946434384823332,1752,1.96
Uttar Pradesh,Gorakhpur,0.42785257948119254,19,0.139679190714056,0.11686905710060098,1004,4.368421052631579
Uttar Pradesh,Hamirpur,0.17556869788987037,6,0.028962724782660473,0.13600247192243806,72,0.0
Uttar Pradesh,Hardoi,0.4509776262878717,26,0.2179607637580814,0.1257518203509341,2176,0.3076923076923077
Uttar Pradesh,Jalaun,0.4389708563962626,8,0.12367623352059674,0.13231154323170008,378,2.5
Uttar Pradesh,Jaunpur,0.33231983188879577,35,0.0858441707223388,0.12558168764163244,1184,0.4857142857142857
Uttar Pradesh,Jhansi,0.5271975922276712,20,0.2126797815673392,0.10634813124435849,1628,1.3
Uttar Pradesh,Jyotiba Phule Nagar,0.4598167384265195,12,0.19258740169453803,0.16860833932047917,888,0.5
Uttar Pradesh,Kannauj,0.3702456998607589,8,0.050026524624595364,0.08509057367906953,160,0.0
Uttar Pradesh,Kanpur Dehat,0.8284911518928909,13,0.3058301707819393,0.048400274807893315,1523,0.0
Uttar Pradesh,Kanpur Nagar,0.2412848706705672,33,0.15605223542095964,0.3366747489104056,1981,1.5757575757575757
Uttar Pradesh,Kaushambi,0.8882215005272888,11,0.3686164972338606,0.04638865296238329,1551,0.0
Uttar Pradesh,Kheri,0.24886818239657826,22,0.04309545312320611,0.12216826801222552,374,1.2727272727272727
Uttar Pradesh,Kushinagar,0.5653997148322041,5,0.07372329944677213,0.056668169655137976,145,0.0
Uttar Pradesh,Lalitpur,0.8100111091376732,10,0.4552413740838179,0.08821205619806133,1739,0.0
Uttar Pradesh,Lucknow,0.3660716205355713,35,0.20552855235921025,0.2830221941071043,2738,3.0285714285714285
Uttar Pradesh,Mahamaya Nagar,0.35774640104931027,14,0.1480400113975114,0.1531811461822617,800,0.2857142857142857
Uttar Pradesh,Mahoba,0.30698136106355584,7,0.05948841385614704,0.13384074959516165,164,0.5714285714285714
Uttar Pradesh,Mainpuri,0.1005208853815246,7,0.009027342789400669,0.08002324785402185,31,0.0
Uttar Pradesh,Mathura,0.5274159207415393,18,0.278145915316442,0.13247648814241397,1912,1.4444444444444444
Uttar Pradesh,Mau,0.31550172394420445,11,0.0678720185675104,0.1263775001419053,295,0.18181818181818182
Uttar Pradesh,Meerut,0.2904916405931337,11,0.10532940720165013,0.22129088208828127,447,1.2727272727272727
Uttar Pradesh,Mirzapur,0.7152587289526189,14,0.3743964266674034,0.10678369953469016,2003,0.42857142857142855
Uttar Pradesh,Moradabad,0.2580534140335793,36,0.13590670354880008,0.2829164409012273,1885,1.0833333333333333
Uttar Pradesh,Muzaffarnagar,0.23271510880418372,16,0.07703531057974593,0.2224038827308084,490,0.5
Uttar Pradesh,Pilibhit,0.14098679872019007,20,0.03012098950125432,0.1640147804937982,241,1.35
Uttar Pradesh,Pratapgarh,0.44401493990199303,18,0.07095040851827972,0.07708447469771945,499,0.7777777777777778
Uttar Pradesh,Rae Bareli,0.43270443385633817,24,0.08901618252520327,0.09108516572647524,830,1.0
Uttar Pradesh,Rampur,0.5149176194046852,8,0.24782877001526518,0.13925059865043748,761,0.0
Uttar Pradesh,Saharanpur,0.32667194710702424,15,0.14505130145474268,0.24487402764919686,835,1.4666666666666666
Uttar Pradesh,Sant Kabir Nagar,0.7272032332453097,3,0.26329749802418617,0.09877115897168726,303,0.0
Uttar Pradesh,Shahjahanpur,0.416358317066646,19,0.20553817019606463,0.1686447924329384,1497,0.9473684210526315
Uttar Pradesh,Shrawasti,0.2459625760492861,3,0.03861696637688063,0.11789255950931053,47,0.0
Uttar Pradesh,Sitapur,0.2220609025252238,35,0.03768401688028062,0.12090592264158624,529,0.6857142857142857
Uttar Pradesh,Sonbhadra,0.33809641164465065,25,0.039287147184106586,0.06363905194804703,410,0.68
Uttar Pradesh,Sultanpur,0.4770119917254383,24,0.11102854866318734,0.10582750993145475,1032,0.5833333333333334
Uttar Pradesh,Unnao,0.2713654210257186,23,0.10554795355578243,0.14000326921326775,945,0.0
Uttar Pradesh,Varanasi,0.35280349115111814,22,0.1686553303605441,0.2679902956562501,1406,4.7727272727272725
Uttarakhand,Dehradun,0.4318024653536097,8,0.0950273018185309,0.11430659318555353,282,6.375
Uttarakhand,Garhwal,0.5855957387581003,1,0.04826849382984994,0.03415781263920864,15,15.0
Uttarakhand,Hardwar,0.5627030647393214,16,0.20987703324410012,0.14355794421986973,1283,1.8125
Uttarakhand,Nainital,0.37001815649557235,5,0.05506843361378592,0.09018241768526664,96,9.4
Uttarakhand,Udham Singh Nagar,0.1946700020745174,15,0.030452564392143576,0.12060693153516042,183,1.2666666666666666
West Bengal,Bankura,0.5651707676438589,10,0.11600299038539474,0.08190857718606123,450,0.2
West Bengal,Barddhaman,0.4182493020035389,76,0.22052584783084822,0.2260163236780844,6445,1.4210526315789473
West Bengal,Birbhum,0.5198968696038113,27,0.14322275567858933,0.09288385540390363,1485,1.3703703703703705
West Bengal,Dakshin Dinajpur,0.1113008046221923,7,0.019299917745995043,0.15389948772716272,56,1.1428571428571428
West Bengal,Darjiling,0.3105969238569399,19,0.07727044489384852,0.08317998304997305,572,1.2105263157894737
West Bengal,Haora,0.45928015377650094,36,0.3278048764244948,0.29749689626299747,4446,8.055555555555555
West Bengal,Hugli,0.3646520340044931,59,0.1713992150303575,0.22987891131670718,3898,0.1016949152542373
West Bengal,Jalpaiguri,0.4474004770423996,44,0.11597880362961394,0.10989834249488707,1983,1.3409090909090908
West Bengal,Koch Bihar,0.3012109598343315,19,0.08142754285307985,0.09299869144422301,606,0.9473684210526315
West Bengal,Kolkata,0.05684015158976819,25,0.051546785778223685,0.6975908887761844,474,5.6
West Bengal,Maldah,0.5151424838613707,20,0.18121573055344894,0.14629859767496806,1389,1.3
West Bengal,Murshidabad,0.26064958954760653,55,0.06715390948364876,0.17356211658532888,1449,0.7454545454545455
West Bengal,Nadia,0.2110561958603398,39,0.04614373604629495,0.16189256662021728,717,0.48717948717948717
West Bengal,Purba Medinipur,0.3690169250208072,31,0.12815666905026235,0.08014401959879203,1524,1.7741935483870968
West Bengal,Puruliya,0.5460389852161435,37,0.09816945339300553,0.06632389073983745,1412,0.5675675675675675
West Bengal,Uttar Dinajpur,0.4847864620396287,16,0.19174262162827813,0.1238396739539979,1178,0.6875
