pc11_state_id,pc11_district_id,State,District,shrug_population,shrug_households,shrug_area,shrug_population_density,shrug_rail_dist,shrug_city_dist,shrug_city5_dist
1,1,Jammu Kashmir,Kupwara,104729,11999.0,47.34,2212.2729193071395,43.0,73.0,73.0
1,2,Jammu Kashmir,Badgam,78360,10743.0,43.68,1793.956043956044,3.0,15.0,14.0
1,3,Jammu Kashmir,Leh Ladakh,45671,7004.0,24.01,1902.1657642648895,456.0,460.0,460.0
1,4,Jammu Kashmir,Kargil,16338,2191.0,2.14,7634.579439252336,300.0,204.0,204.0
1,5,Jammu Kashmir,Punch,38630,7216.0,24.08,1604.2358803986713,204.0,204.0,204.0
1,6,Jammu Kashmir,Rajouri,52314,7756.0,21.89,2389.8583828232067,78.0,78.0,78.0
1,7,Jammu Kashmir,Kathua,89713,17932.0,42.42,2114.875058934465,4.0,55.0,55.0
1,8,Jammu Kashmir,Baramula,182500,27289.0,63.56,2871.302706104468,0.0,25.0,25.0
1,9,Jammu Kashmir,Bandipore,65361,9598.0,49.63,1316.965545033246,20.0,25.0,25.0
1,10,Jammu Kashmir,Srinagar,32649,4836.0,15.93,2049.5291902071563,3.0,3.0,3.0
1,11,Jammu Kashmir,Ganderbal,47039,6966.0,25.4,1851.9291338582677,28.0,18.0,18.0
1,12,Jammu Kashmir,Pulwama,80462,10654.0,38.55,2087.211413748379,0.0,15.0,15.0
1,13,Jammu Kashmir,Shupiyan,16360,2553.0,5.4,3029.6296296296296,40.0,67.0,52.0
1,14,Jammu Kashmir,Anantnag,132689,18450.0,60.53,2192.119610110689,1.0,10.0,60.0
1,15,Jammu Kashmir,Kulgam,80219,13737.0,49.57,1618.2973572725439,8.0,17.0,60.0
1,16,Jammu Kashmir,Doda,32689,6719.0,19.75,1655.139240506329,100.0,173.0,180.0
1,17,Jammu Kashmir,Ramban,11811,2162.0,15.080000000000002,783.2228116710875,0.0,107.0,107.0
1,18,Jammu Kashmir,Kishtwar,14865,2710.0,0.63,23595.238095238095,163.0,229.0,229.0
1,19,Jammu Kashmir,Udhampur,108208,20353.0,43.720000000000006,2475.0228728270813,0.0,12.0,66.0
1,20,Jammu Kashmir,Reasi,26996,5030.0,39.01,692.0276852089208,19.0,23.0,50.0
1,21,Jammu Kashmir,Jammu,765013,154908.0,252.13,3034.200610796018,4.0,0.0,0.0
1,22,Jammu Kashmir,Samba,53615,10667.0,38.75999999999999,1383.2559339525287,0.0,14.0,14.0
2,23,Himachal Pradesh,Chamba,36108,7864.0,20.75,1740.144578313253,36.0,53.0,110.0
2,24,Himachal Pradesh,Kangra,86281,20508.0,47.71000000000001,1808.4468664850133,2.0,24.0,120.0
2,26,Himachal Pradesh,Kullu,41391,10449.0,17.13,2416.287215411559,119.0,215.0,260.0
2,27,Himachal Pradesh,Mandi,62637,15398.0,27.83,2250.7006827164932,0.0,132.0,176.0
2,28,Himachal Pradesh,Hamirpur,31430,7404.0,11.61,2707.149009474591,33.0,80.0,130.0
2,29,Himachal Pradesh,Una,44913,9830.0,20.46,2195.1612903225805,0.0,28.0,90.0
2,30,Himachal Pradesh,Bilaspur,25129,5773.0,17.43,1441.7096959265634,10.0,90.0,108.0
2,31,Himachal Pradesh,Solan,102147,25915.0,33.78,3023.8898756660747,0.0,31.0,31.0
2,32,Himachal Pradesh,Sirmaur,57165,13121.0,19.14,2986.6771159874606,40.0,51.0,90.0
2,33,Himachal Pradesh,Shimla,201351,54508.0,55.46,3630.5625676163,0.0,0.0,118.0
3,35,Punjab,Gurdaspur,667042,131366.0,220.73,3021.981606487564,0.0,0.0,18.0
3,36,Punjab,Kapurthala,302564,60279.0,89.63,3375.7001004128083,0.0,7.0,21.0
3,37,Punjab,Jalandhar,1155128,247953.0,243.21,4749.508655071749,0.0,5.0,2.0
3,38,Punjab,Hoshiarpur,334969,72163.0,142.29000000000002,2354.128891700049,0.0,12.0,40.0
3,39,Punjab,Shahid Bhagat Singh Nagar,125416,26734.0,67.35,1862.1529324424648,0.0,4.0,35.0
3,40,Punjab,Fatehgarh Sahib,185482,39103.0,77.67,2388.0777649027937,0.0,7.0,31.0
3,41,Punjab,Ludhiana,2069708,436030.0,321.9,6429.661385523455,0.0,7.0,7.0
3,42,Punjab,Moga,227246,45958.0,49.65,4576.958710976838,15.0,0.0,45.0
3,43,Punjab,Firozpur,552556,109027.0,138.58,3987.2708904603837,0.0,5.0,65.0
3,44,Punjab,Muktsar,252191,50236.0,62.72,4020.902423469388,0.0,30.0,130.0
3,45,Punjab,Faridkot,217051,44165.0,44.99,4824.427650589019,0.0,31.0,40.0
3,46,Punjab,Bathinda,499217,102610.0,159.09,3137.953359733484,0.0,11.0,125.0
3,47,Punjab,Mansa,163604,32398.0,48.67,3361.4957879597287,0.0,10.5,122.0
3,48,Punjab,Patiala,763280,158036.0,155.19,4918.358141632837,0.0,0.0,45.0
3,49,Punjab,Amritsar,1358933,273905.0,220.97,6149.852921211024,0.0,2.0,2.0
3,50,Punjab,Tarn Taran,141795,26752.0,34.33,4130.35246140402,0.0,25.0,25.0
3,51,Punjab,Rupnagar,177807,37808.0,55.6,3197.9676258992804,0.0,22.0,30.0
3,52,Punjab,Sahibzada Ajit Singh Nagar,553917,120288.0,172.03,3219.8860663837704,0.0,0.0,8.0
3,53,Punjab,Sangrur,515965,101006.0,159.25,3239.9686028257456,0.0,22.0,26.0
3,54,Punjab,Barnala,190685,39141.0,50.75,3757.3399014778324,0.0,40.0,60.0
4,55,Chandigarh,Chandigarh,1026459,234033.0,109.53,9371.487263763353,0.0,5.0,5.0
5,56,Uttarakhand,Uttarkashi,24305,5688.0,27.02,899.518874907476,138.0,138.0,138.0
5,57,Uttarakhand,Chamoli,59396,14646.0,39.53,1502.5550215026562,166.0,202.0,202.0
5,58,Uttarakhand,Rudraprayag,9925,2660.0,12.75,778.4313725490196,140.0,165.0,185.0
5,59,Uttarakhand,Tehri Garhwal,70139,17023.0,66.11,1060.9438814097716,2.0,45.0,45.0
5,60,Uttarakhand,Dehradun,941941,202889.0,272.29999999999995,3459.2030848329055,0.0,0.0,0.0
5,61,Uttarakhand,Garhwal,112703,25598.0,72.17,1561.6322571705693,0.0,47.0,47.0
5,62,Uttarakhand,Pithoragarh,69605,17759.0,16.5,4218.484848484848,151.0,210.0,270.0
5,63,Uttarakhand,Bageshwar,9079,2054.0,5.5,1650.7272727272727,190.0,190.0,318.0
5,64,Uttarakhand,Almora,62314,15368.0,35.68,1746.4686098654709,90.0,95.0,190.0
5,65,Uttarakhand,Champawat,38343,8212.0,13.04,2940.414110429448,0.0,63.0,123.0
5,66,Uttarakhand,Nainital,371734,76429.0,97.88,3797.8545157335516,0.0,0.0,80.0
5,67,Uttarakhand,Udham Singh Nagar,586760,109936.0,122.20999999999998,4801.243760739711,0.0,24.0,50.0
5,68,Uttarakhand,Hardwar,693094,133627.0,121.24,5716.710656548994,0.0,0.0,60.0
6,69,Haryana,Panchkula,313230,70953.0,70.49000000000001,4443.60902255639,0.0,4.0,8.0
6,70,Haryana,Ambala,500774,106632.0,133.6,3748.3083832335333,0.0,2.0,46.0
6,71,Haryana,Yamunanagar,472829,98771.0,91.36,5175.448774080561,0.0,2.0,30.0
6,72,Haryana,Kurukshetra,279225,57319.0,74.37,3754.538120209762,0.0,22.0,74.0
6,73,Haryana,Kaithal,236011,46255.0,104.3,2262.8092042186004,0.0,16.0,105.0
6,74,Haryana,Karnal,454810,93490.0,68.95,6596.2291515591005,0.0,10.0,102.0
6,75,Haryana,Panipat,555085,113764.0,79.35,6995.400126023945,0.0,1.0,67.0
6,76,Haryana,Sonipat,453364,90174.0,82.00999999999999,5528.155103036216,0.0,3.0,33.0
6,77,Haryana,Jind,305583,58861.0,75.26,4060.364071219771,0.0,19.0,110.0
6,78,Haryana,Fatehabad,179588,35500.0,34.74,5169.487622337363,0.0,48.0,155.0
6,79,Haryana,Sirsa,319248,63076.0,58.98,5412.817904374365,0.0,20.0,252.0
6,80,Haryana,Hisar,553488,109957.0,147.47,3753.2243846206006,0.0,5.0,135.0
6,81,Haryana,Bhiwani,321322,63244.0,58.07,5533.356294127777,0.0,19.0,126.0
6,82,Haryana,Rohtak,446164,89538.0,105.98,4209.888658237403,0.0,4.0,55.0
6,83,Haryana,Jhajjar,243339,48831.0,81.12,2999.741124260355,0.0,8.0,26.0
6,84,Haryana,Mahendragarh,132855,24590.0,32.98,4028.350515463918,0.0,33.0,42.0
6,85,Haryana,Rewari,233430,47744.0,64.89,3597.318539066112,0.0,2.0,33.0
6,86,Haryana,Gurgaon,1042253,237750.0,281.35,3704.4712990936555,0.0,8.0,0.0
6,87,Haryana,Mewat,124106,20305.0,65.28999999999999,1900.842395466381,17.0,28.0,35.0
6,88,Haryana,Faridabad,1438855,295553.0,218.42,6587.560662942954,0.0,10.0,0.0
6,89,Haryana,Palwal,236544,41461.0,47.1,5022.165605095542,0.0,0.0,27.0
7,90,Nct Of Delhi,North West,1353743,258455.0,188.146,7195.17289764332,0.0,2.0,2.0
7,91,,,269289,52381.0,17.63,15274.475326148611,2.0,1.0,1.0
7,92,,,1038490,185299.0,22.801,45545.80939432482,2.0,2.0,2.0
7,93,,,419552,89280.0,12.395,33848.48729326342,2.0,15.0,15.0
7,96,,,657560,127028.0,60.638,10844.025198720276,0.0,2.0,2.0
7,97,,,492051,108022.0,127.973,3844.9594836410806,2.0,1.0,1.0
7,98,,,845856,169785.0,120.477,7020.891954480938,2.0,2.0,2.0
8,99,Rajasthan,Ganganagar,535432,108585.0,94.68,5655.175327418673,0.0,4.0,118.0
8,100,Rajasthan,Hanumangarh,350464,67830.0,73.74,4752.698671006238,0.0,25.0,203.0
8,101,Rajasthan,Bikaner,800384,139973.0,190.9,4192.68727082242,0.0,30.0,30.0
8,102,Rajasthan,Churu,576235,93116.0,202.01,2852.507301618732,0.0,10.0,110.0
8,103,Rajasthan,Jhunjhunun,489079,83396.0,271.04,1804.453217237308,0.0,16.0,125.0
8,104,Rajasthan,Alwar,654451,128203.0,228.54,2863.616872319944,0.0,4.0,75.0
8,105,Rajasthan,Bharatpur,495099,86725.0,151.66,3264.5325069233813,0.0,16.0,60.0
8,106,Rajasthan,Dhaulpur,247450,41574.0,68.3,3622.9868228404102,0.0,25.0,38.0
8,107,Rajasthan,Karauli,218105,37933.0,92.93,2346.9815990530506,0.0,32.0,110.0
8,108,Rajasthan,Sawai Madhopur,266467,48587.0,136.94,1945.866802979407,0.0,70.0,103.0
8,109,Rajasthan,Dausa,201793,35808.0,40.46,4987.469105289174,0.0,43.0,55.0
8,110,Rajasthan,Jaipur,3471847,669293.0,833.6899999999999,4164.434022238483,0.0,14.0,14.0
8,111,Rajasthan,Sikar,633906,99656.0,273.65000000000003,2316.484560570071,0.0,15.0,65.0
8,112,Rajasthan,Nagaur,637204,102073.0,414.63,1536.8014856619154,0.0,20.0,90.0
8,113,Rajasthan,Jodhpur,1264614,234790.0,229.0,5522.331877729258,0.0,7.0,7.0
8,114,Rajasthan,Jaisalmer,89025,16744.0,70.38,1264.919011082694,0.0,175.0,175.0
8,115,Rajasthan,Barmer,181837,32639.0,65.35,2782.5095638867638,0.0,10.0,105.0
8,116,Rajasthan,Jalor,151755,28060.0,76.53999999999999,1982.688790175072,0.0,116.0,120.0
8,117,Rajasthan,Sirohi,208654,42520.0,120.87,1726.2678911226938,0.0,51.0,75.0
8,118,Rajasthan,Pali,460006,88647.0,439.14,1047.515598670128,0.0,40.0,72.0
8,119,Rajasthan,Ajmer,1035410,201088.0,382.19,2709.1498992647635,0.0,5.0,106.0
8,120,Rajasthan,Tonk,317723,54744.0,225.79,1407.1615217680146,0.0,29.0,69.0
8,121,Rajasthan,Bundi,222701,43618.0,177.93,1251.6214241555667,0.0,22.0,22.0
8,122,Rajasthan,Bhilwara,512654,104060.0,338.17,1515.9653428748854,0.0,20.0,100.0
8,123,Rajasthan,Rajsamand,183820,37200.0,166.16,1106.2831006259028,0.0,27.0,50.0
8,124,Rajasthan,Dungarpur,88743,18954.0,33.239999999999995,2669.765342960289,0.0,105.0,105.0
8,125,Rajasthan,Banswara,127621,27521.0,26.37,4839.628365566932,35.0,80.0,156.0
8,126,Rajasthan,Chittaurgarh,285264,59787.0,138.82999999999998,2054.7720233378955,0.0,55.0,58.0
8,127,Rajasthan,Kota,1176604,245150.0,643.84,1827.4788767395626,0.0,15.0,15.0
8,128,Rajasthan,Baran,254214,49902.0,148.29,1714.3030548250051,0.0,50.0,50.0
8,129,Rajasthan,Jhalawar,229291,45593.0,110.02,2084.084711870569,0.0,85.0,85.0
8,130,Rajasthan,Udaipur,608426,127558.0,164.03,3709.236115344754,0.0,3.0,45.0
8,131,Rajasthan,Pratapgarh,71807,14916.0,28.86,2488.1150381150383,20.0,32.0,110.0
9,132,Uttar Pradesh,Saharanpur,1066526,189458.0,106.33,10030.33950907552,0.0,9.0,9.0
9,133,Uttar Pradesh,Muzaffarnagar,1191312,200893.0,140.41,8484.523894309523,0.0,1.0,2.0
9,134,Uttar Pradesh,Bijnor,925312,154200.0,108.107,8559.223732043254,0.0,7.0,35.0
9,135,Uttar Pradesh,Moradabad,1573623,273407.0,148.33,10608.932785006404,0.0,7.0,0.0
9,136,Uttar Pradesh,Rampur,588647,103221.0,101.76,5784.659984276729,1.0,3.0,27.0
9,137,Uttar Pradesh,Jyotiba Phule Nagar,458713,78984.0,59.493,7710.369287143025,0.0,7.0,28.0
9,138,Uttar Pradesh,Meerut,1759182,307431.0,258.17,6814.045009102529,0.0,2.0,2.0
9,139,Uttar Pradesh,Baghpat,275025,45422.0,49.075,5604.177279673968,0.0,15.0,35.0
9,140,Uttar Pradesh,Ghaziabad,3162547,602626.0,401.094,7884.802564984767,0.0,1.0,3.0
9,141,Uttar Pradesh,Gautam Buddha Nagar,974309,215174.0,188.15,5178.363008238108,0.0,2.0,0.0
9,142,Uttar Pradesh,Bulandshahr,867429,146861.0,170.511,5087.231908791809,0.0,1.0,25.0
9,143,Uttar Pradesh,Aligarh,1217191,204337.0,603.08,2018.291105657624,0.0,3.0,3.0
9,144,Uttar Pradesh,Mahamaya Nagar,332693,56033.0,45.89,7249.792983220746,0.0,1.0,22.0
9,145,Uttar Pradesh,Mathura,755993,130244.0,152.71,4950.514046231418,0.0,2.5,3.0
9,146,Uttar Pradesh,Agra,2024195,338775.0,247.96,8163.3932892402,0.0,1.0,1.0
9,147,Uttar Pradesh,Firozabad,833169,139369.0,61.760000000000005,13490.430699481863,0.0,10.0,15.0
9,148,Uttar Pradesh,Mainpuri,288442,50187.0,82.52000000000001,3495.4192922927773,0.0,15.0,15.0
9,149,Uttar Pradesh,Budaun,644595,110285.0,182.872,3524.842512795835,0.0,0.0,46.0
9,150,Uttar Pradesh,Bareilly,1568409,275745.0,276.07000000000005,5681.200420183286,0.0,2.0,3.0
9,151,Uttar Pradesh,Pilibhit,351415,63547.0,45.220000000000006,7771.2295444493575,0.0,2.0,40.0
9,152,Uttar Pradesh,Shahjahanpur,594092,102444.0,81.07,7328.136178611077,0.0,1.5,8.0
9,153,Uttar Pradesh,Kheri,461035,83832.0,87.97,5240.820734341252,0.0,3.0,3.0
9,154,Uttar Pradesh,Sitapur,530784,87109.0,106.67,4975.9445017343205,0.0,4.0,4.0
9,155,Uttar Pradesh,Hardoi,541806,91815.0,104.16,5201.670506912443,0.0,15.0,56.0
9,156,Uttar Pradesh,Unnao,531646,97427.0,88.80999999999999,5986.3303682017795,0.0,1.0,2.0
9,157,Uttar Pradesh,Lucknow,3038996,577510.0,470.707,6456.237107160081,0.0,10.0,10.0
9,158,Uttar Pradesh,Rae Bareli,307995,53931.0,76.49,4026.604784939208,0.0,30.0,70.0
9,159,Uttar Pradesh,Farrukhabad,416185,72025.0,48.355,8606.865887705511,0.0,3.0,5.0
9,160,Uttar Pradesh,Kannauj,280841,47182.0,74.184,3785.73546856465,0.0,35.0,81.0
9,161,Uttar Pradesh,Etawah,366299,63979.0,50.554,7245.697669818412,0.0,9.0,100.0
9,162,Uttar Pradesh,Auraiya,234222,42033.0,63.370000000000005,3696.102256588291,0.0,3.0,85.0
9,163,Uttar Pradesh,Kanpur Dehat,173423,30984.0,80.86200000000001,2144.6785882120153,0.0,20.0,20.0
9,164,Uttar Pradesh,Kanpur Nagar,3015645,569962.0,321.91,9367.975521108383,0.0,3.0,3.0
9,165,Uttar Pradesh,Jalaun,418900,71768.0,71.02000000000001,5898.338496198253,0.0,22.0,76.0
9,166,Uttar Pradesh,Jhansi,833484,151936.0,249.181,3344.893872325739,0.0,1.0,1.0
9,167,Uttar Pradesh,Lalitpur,175378,32551.0,41.260000000000005,4250.557440620455,0.0,14.0,40.0
9,168,Uttar Pradesh,Hamirpur,209848,38163.0,31.38,6687.316762268962,0.0,40.0,65.0
9,169,Uttar Pradesh,Mahoba,185381,33757.0,27.91,6642.09960587603,0.0,35.0,130.0
9,170,Uttar Pradesh,Banda,275755,49718.0,48.8,5650.7172131147545,0.0,0.0,124.0
9,171,Uttar Pradesh,Chitrakoot,96332,16954.0,28.77,3348.3489746263467,0.0,10.0,35.0
9,172,Uttar Pradesh,Fatehpur,321993,57660.0,87.00999999999999,3700.6436041834277,0.0,24.0,40.0
9,173,Uttar Pradesh,Pratapgarh,175242,28417.0,47.870000000000005,3660.7896386045536,0.0,50.0,50.0
9,174,Uttar Pradesh,Kaushambi,124456,21653.0,57.17,2176.94595067343,0.0,20.0,20.0
9,175,Uttar Pradesh,Prayagraj,1472873,255722.0,184.808,7969.746980650189,0.0,5.0,5.0
9,176,Uttar Pradesh,Bara Banki,330803,54803.0,64.16027,5155.885410083219,0.0,1.0,27.0
9,177,Uttar Pradesh,Faizabad,340253,57664.0,74.77,4550.662030226027,0.0,0.0,90.0
9,178,Uttar Pradesh,Ambedkar Nagar,280730,43693.0,92.9184,3021.253056445225,0.0,11.0,48.0
9,179,Uttar Pradesh,Sultanpur,199916,33077.0,39.083,5115.165161323338,0.0,1.0,80.0
9,180,Uttar Pradesh,Bahraich,284044,45861.0,31.26,9086.500319897632,0.0,18.0,56.0
9,181,Uttar Pradesh,Shrawasti,38649,5958.0,6.221,6212.666773830574,25.0,37.0,170.0
9,182,Uttar Pradesh,Balrampur,166391,25513.0,53.96,3083.598962194218,0.0,4.0,4.0
9,183,Uttar Pradesh,Gonda,225029,36969.0,50.55977,4450.7520504939,0.0,2.0,19.0
9,184,Uttar Pradesh,Siddharthnagar,160691,23890.0,57.1233,2813.0552681655295,0.0,50.0,75.0
9,185,Uttar Pradesh,Basti,138097,21575.0,25.96,5319.607087827427,2.0,32.0,70.0
9,186,Uttar Pradesh,Sant Kabir Nagar,128531,18724.0,26.0,4943.5,2.0,25.0,25.0
9,187,Uttar Pradesh,Mahrajganj,134730,21775.0,54.11,2489.927924598041,0.0,45.0,45.0
9,188,Uttar Pradesh,Gorakhpur,836129,137961.0,214.647,3895.367743318099,0.0,0.0,0.0
9,189,Uttar Pradesh,Kushinagar,168107,27228.0,64.7,2598.2534775888716,0.0,5.0,39.0
9,190,Uttar Pradesh,Deoria,316803,47696.0,76.92,4118.603744149766,0.0,10.0,40.0
9,191,Uttar Pradesh,Azamgarh,393401,53644.0,86.766,4534.045593896226,0.0,5.0,55.0
9,192,Uttar Pradesh,Mau,499208,70779.0,93.21,5355.734363265745,0.0,0.0,32.0
9,193,Uttar Pradesh,Ballia,304109,45084.0,68.2,4459.076246334311,0.0,0.0,0.0
9,194,Uttar Pradesh,Jaunpur,346580,50269.0,60.31,5746.642347869341,0.0,8.0,35.0
9,195,Uttar Pradesh,Ghazipur,274360,41569.0,62.33,4401.732712979304,0.0,10.0,40.0
9,196,Uttar Pradesh,Chandauli,242553,37675.0,53.720000000000006,4515.134028294861,0.0,3.0,13.0
9,197,Uttar Pradesh,Varanasi,1597051,253184.0,163.786,9750.839510092437,0.0,0.0,3.0
9,198,Uttar Pradesh,Sant Ravidas Nagar Bhadohi,229302,32658.0,49.26,4654.933008526188,0.0,2.0,45.0
9,199,Uttar Pradesh,Mirzapur,347567,55602.0,73.22000000000001,4746.886096694891,0.0,25.0,25.0
9,200,Uttar Pradesh,Sonbhadra,314342,62352.0,123.12733,2552.983159790763,0.0,42.0,89.0
9,201,Uttar Pradesh,Etah,268142,44995.0,38.21,7017.587019104946,0.0,0.0,49.0
9,202,Uttar Pradesh,Kanshiram Nagar,288207,47164.0,36.77,7838.101713353277,0.0,7.0,72.0
10,203,Bihar,Pashchim Champaran,393165,73107.0,94.4,4164.883474576271,0.0,0.0,217.0
10,204,Bihar,Purba Champaran,401343,71844.0,123.75,3243.1757575757574,0.0,0.0,120.0
10,205,Bihar,Sheohar,28116,5858.0,9.33,3013.5048231511255,26.0,79.0,135.0
10,206,Bihar,Sitamarhi,190498,37048.0,38.95,4890.834403080872,0.0,50.0,120.0
10,207,Bihar,Madhubani,161495,29991.0,27.36,5902.5950292397665,0.0,40.0,144.0
10,208,Bihar,Supaul,105558,20493.0,36.34,2904.7330764997246,0.0,35.0,225.0
10,209,Bihar,Araria,168777,32781.0,51.07,3304.816917955747,0.0,45.0,395.0
10,210,Bihar,Kishanganj,161123,31948.0,69.75,2310.0071684587815,0.0,27.0,384.0
10,211,Bihar,Purnia,343005,66414.0,128.18,2675.963488843813,0.0,0.0,300.0
10,212,Bihar,Katihar,273822,53564.0,68.36,4005.5880631948507,0.0,26.0,325.0
10,213,Bihar,Madhepura,88461,17433.0,41.17,2148.676220548943,0.0,25.0,280.0
10,214,Bihar,Saharsa,156540,28862.0,21.13,7408.424041646947,0.0,0.0,260.0
10,215,Bihar,Darbhanga,383328,73912.0,67.53000000000002,5676.41048422923,0.0,1.0,140.0
10,216,Bihar,Muzaffarpur,473437,88570.0,72.18,6559.116098642283,0.0,3.0,76.0
10,217,Bihar,Gopalganj,162805,25623.0,51.92,3135.6895223420647,0.0,17.0,153.0
10,218,Bihar,Siwan,182913,28606.0,26.88,6804.799107142858,0.0,22.0,125.0
10,219,Bihar,Saran,353202,55873.0,65.69,5376.800121784137,0.0,2.0,27.0
10,220,Bihar,Vaishali,233079,38280.0,37.52,6212.126865671641,3.0,20.0,20.0
10,221,Bihar,Samastipur,147797,28091.0,11.23,13160.908281389136,0.0,35.0,105.0
10,222,Bihar,Begusarai,569823,107175.0,141.72000000000003,4020.766299745977,0.0,110.0,106.0
10,223,Bihar,Khagaria,87159,16106.0,12.46,6995.1043338683785,0.0,160.0,160.0
10,224,Bihar,Bhagalpur,602532,106303.0,69.10000000000001,8719.71056439942,0.0,5.0,125.0
10,225,Bihar,Banka,71313,13604.0,30.05,2373.144758735441,2.0,30.0,263.0
10,226,Bihar,Munger,380120,71010.0,41.46000000000001,9168.355041003375,0.0,8.0,170.0
10,227,Bihar,Lakhisarai,143011,24107.0,51.33,2786.1094876290667,0.0,50.0,110.0
10,228,Bihar,Sheikhpura,109002,17796.0,43.5,2505.793103448276,0.0,25.0,110.0
10,229,Bihar,Nalanda,457894,75750.0,112.91,4055.389248073687,0.0,25.0,47.0
10,230,Bihar,Patna,2514590,429424.0,269.77000000000004,9321.236608963189,0.0,5.0,6.0
10,231,Bihar,Bhojpur,389861,59431.0,83.77,4653.945326489197,0.0,16.0,48.0
10,232,Bihar,Buxar,164499,26483.0,21.500000000000004,7651.116279069766,0.0,55.0,120.0
10,233,Bihar,Kaimur Bhabua,65571,10189.0,12.45,5266.746987951808,0.0,80.0,180.0
10,234,Bihar,Rohtas,427765,69951.0,86.48,4946.403792784458,0.0,55.0,120.0
10,235,Bihar,Aurangabad,236854,36862.0,60.870000000000005,3891.145063249548,0.0,38.0,95.0
10,236,Bihar,Gaya,581601,89642.0,85.26,6821.498944405348,0.0,3.0,115.0
10,237,Bihar,Nawada,215579,33344.0,46.34,4652.114803625377,0.0,35.0,105.0
10,238,Bihar,Jamui,145333,24877.0,47.96,3030.2960800667224,0.0,80.0,165.0
10,239,Bihar,Jehanabad,135196,21820.0,40.620000000000005,3328.3111767602163,0.0,32.0,48.0
10,240,Bihar,Arwal,51849,8453.0,24.43,2122.349570200573,35.0,70.0,70.0
11,241,Sikkim,North,4644,1054.0,1.76,2638.6363636363635,133.0,133.0,716.0
11,242,Sikkim,West,5248,1133.0,3.715,1412.6514131897713,82.0,82.0,665.0
11,243,Sikkim,South,21199,4840.0,7.6,2789.342105263158,81.0,81.0,664.0
11,244,Sikkim,East,122487,28691.0,25.166,4867.1620440276565,73.0,73.0,646.0
12,245,Arunachal Pradesh,Tawang,11202,1685.0,,,270.0,554.0,554.0
12,246,Arunachal Pradesh,West Kameng,15932,4090.0,,,88.0,306.0,306.0
12,247,Arunachal Pradesh,East Kameng,18350,3610.0,,,139.0,358.0,358.0
12,248,Arunachal Pradesh,Papum Pare,96963,21485.0,,,24.0,312.0,312.0
12,249,Arunachal Pradesh,Upper Subansiri,13405,2638.0,,,206.0,602.0,602.0
12,250,Arunachal Pradesh,West Siang,24968,5460.0,,,95.0,557.0,557.0
12,251,Arunachal Pradesh,East Siang,27635,6189.0,,,37.0,568.0,568.0
12,252,Arunachal Pradesh,Upper Siang,6540,1595.0,,,164.0,696.0,696.0
12,253,Arunachal Pradesh,Changlang,19228,4663.0,,,34.0,550.0,550.0
12,254,Arunachal Pradesh,Tirap,20810,4633.0,,,25.0,473.0,473.0
12,255,Arunachal Pradesh,Lower Subansiri,12806,3004.0,,,111.0,444.0,444.0
12,256,Arunachal Pradesh,Kurung Kumey,2345,463.0,,,250.0,581.0,581.0
12,257,Arunachal Pradesh,Dibang Valley,2384,621.0,,,309.0,798.0,798.0
12,258,Arunachal Pradesh,Lower Dibang Valley,11389,2617.0,,,105.0,594.0,594.0
12,259,Arunachal Pradesh,Lohit,32430,7427.0,,,72.0,560.0,560.0
12,260,Arunachal Pradesh,Anjaw,982,187.0,,,299.0,788.0,788.0
13,261,Nagaland,Mon,34444,6156.0,,,190.0,190.0,395.0
13,262,Nagaland,Mokokchung,55725,12730.0,,,90.0,105.0,100.0
13,263,Nagaland,Zunheboto,27597,4821.0,,,204.0,204.0,516.0
13,264,Nagaland,Wokha,35004,6273.0,,,154.0,154.0,445.0
13,265,Nagaland,Dimapur,197869,42100.0,,,0.0,0.0,363.0
13,266,Nagaland,Phek,24575,5057.0,,,144.0,144.0,507.0
13,267,Nagaland,Tuensang,36774,6960.0,,,335.0,335.0,670.0
13,268,Nagaland,Longleng,7613,1690.0,,,266.0,266.0,629.0
13,269,Nagaland,Kiphire,16487,3109.0,,,328.0,328.0,691.0
13,270,Nagaland,Kohima,121088,26755.0,,,74.0,74.0,437.0
13,271,Nagaland,Peren,13790,2860.0,,,64.0,64.0,327.0
14,272,Manipur,Senapati,7476,1437.0,,,230.0,45.0,500.0
14,273,Manipur,Tamenglong,19363,3481.0,,,65.0,145.0,550.0
14,274,Manipur,Churachandpur,18357,3302.0,,,285.0,64.0,560.0
14,275,Manipur,Bishnupur,87505,17343.0,37.05,2361.808367071525,229.0,14.0,500.0
14,276,Manipur,Thoubal,151333,31077.0,31.45,4811.8600953895075,230.0,15.0,535.0
14,277,Manipur,Imphal West,322879,69561.0,64.95,4971.193225558121,216.0,0.0,522.0
14,278,Manipur,Imphal East,183207,37681.0,45.79,4001.026424983621,0.0,0.0,522.0
14,279,Manipur,Ukhrul,27187,5226.0,,,302.0,82.0,515.0
14,280,Manipur,Chandel,16847,3231.0,1.0,16847.0,330.0,110.0,670.0
15,281,Mizoram,Mamit,14899,3192.0,82.0,181.6951219512195,73.0,120.0,19.0
15,282,Mizoram,Kolasib,46878,9662.0,172.0,272.54651162790697,9.0,26.0,51.0
15,283,Mizoram,Aizawl,314754,65196.0,223.0,1411.4529147982062,40.0,23.0,157.0
15,284,Mizoram,Champhai,48529,10068.0,167.0,290.5928143712575,186.0,152.0,303.0
15,285,Mizoram,Serchhip,32019,6291.0,103.0,310.86407766990294,151.0,88.0,268.0
15,286,Mizoram,Lunglei,68752,14115.0,66.0,1041.6969696969697,235.0,172.0,352.0
15,287,Mizoram,Lawngtlai,20830,3910.0,,,320.0,257.0,437.0
15,288,Mizoram,Saiha,25110,4607.0,53.0,473.77358490566036,391.0,378.0,508.0
16,289,Tripura,West Tripura,677638,168241.0,213.82,3169.198391170143,1.0,0.0,555.0
16,290,Tripura,South Tripura,123031,31897.0,78.59,1565.4790685837893,43.0,48.0,648.0
16,291,Tripura,Dhalai,40499,10105.0,35.71,1134.1080929711566,2.0,80.0,480.0
16,292,Tripura,North Tripura,120285,28731.0,63.72,1887.7118644067798,5.0,145.0,402.0
17,293,Meghalaya,West Garo Hills,74858,13743.0,18.32,4086.1353711790393,223.0,223.0,223.0
17,294,Meghalaya,East Garo Hills,44192,7743.0,24.540000000000003,1800.8149959250202,150.0,86.0,150.0
17,295,Meghalaya,South Garo Hills,13131,2351.0,8.8,1492.1590909090908,326.0,,326.0
17,296,Meghalaya,West Khasi Hills,43105,7186.0,96.63,446.08299699886163,148.0,45.0,148.0
17,297,Meghalaya,Ribhoi,25253,4460.0,57.98,435.54674025526043,50.0,30.0,50.0
17,298,Meghalaya,East Khasi Hills,366481,77061.0,68.62,5340.731565141358,98.0,0.0,98.0
17,299,Meghalaya,Jaintia Hills,28430,4942.0,8.0,3553.75,160.0,63.0,160.0
18,300,Assam,Kokrajhar,54941,11722.0,16.32,3366.482843137255,0.0,224.0,224.0
18,301,Assam,Dhubri,203701,43599.0,31.94,6377.614276768942,0.0,180.0,180.0
18,302,Assam,Goalpara,138062,28451.0,64.45,2142.156710628394,0.0,115.0,115.0
18,303,Assam,Barpeta,147353,31495.0,36.38,4050.384826827927,0.0,90.0,90.0
18,304,Assam,Morigaon,73298,16157.0,25.5,2874.4313725490197,0.0,65.0,65.0
18,305,Assam,Nagaon,369534,78941.0,80.58,4585.927029039464,0.0,0.0,102.0
18,306,Assam,Sonitpur,173845,40272.0,57.58,3019.1906912122267,0.0,0.0,137.0
18,307,Assam,Lakhimpur,91333,21115.0,36.15,2526.5006915629324,0.0,40.0,365.0
18,308,Assam,Dhemaji,48285,10231.0,15.55,3105.144694533762,0.0,30.0,480.0
18,309,Assam,Tinsukia,264743,57891.0,61.50000000000001,4304.764227642276,0.0,0.0,490.0
18,310,Assam,Dibrugarh,243730,54453.0,45.48,5359.0589270008795,0.0,0.0,403.0
18,311,Assam,Sivasagar,110096,26231.0,42.93,2564.546936873981,0.0,30.0,342.0
18,312,Assam,Jorhat,220534,51620.0,92.18,2392.4278585376437,0.0,0.0,305.0
18,313,Assam,Golaghat,97736,22337.0,36.45,2681.3717421124825,0.0,27.0,245.0
18,314,Assam,Karbi Anglong,112966,23689.0,37.45,3016.4485981308408,0.0,60.0,165.0
18,315,Assam,Dima Hasao,62489,12963.0,21.77,2870.4180064308684,0.0,100.0,272.0
18,316,Assam,Cachar,315464,69205.0,64.58999999999999,4884.0997058368175,0.0,0.0,315.0
18,317,Assam,Karimganj,109700,23151.0,19.27,5692.786715101193,0.0,30.0,308.0
18,318,Assam,Hailakandi,48140,10259.0,10.53,4571.699905033239,0.0,30.0,336.0
18,319,Assam,Bongaigaon,109810,24923.0,31.690000000000005,3465.1309561375824,0.0,193.0,193.0
18,320,Assam,Chirang,35337,7572.0,12.06,2930.099502487562,0.0,165.0,165.0
18,321,Assam,Kamrup,142394,30845.0,73.53999999999999,1936.2795757410936,0.0,16.0,16.0
18,322,Assam,Kamrup Metropolitan,1037011,247628.0,262.43,3951.5718477308233,0.0,0.0,0.0
18,323,Assam,Nalbari,82730,17647.0,55.440000000000005,1492.243867243867,0.0,60.0,60.0
18,324,Assam,Baksa,12242,2452.0,5.859999999999999,2089.0784982935156,2.0,86.0,86.0
18,325,Assam,Darrang,55494,12432.0,12.39,4478.934624697336,26.0,78.0,78.0
18,326,Assam,Udalguri,37574,8313.0,9.87,3806.889564336373,0.0,92.0,92.0
19,327,West Bengal,Darjiling,433417,88478.0,133.3,3251.4403600900223,0.0,6.0,40.0
19,328,West Bengal,Jalpaiguri,1060351,243311.0,366.98,2889.3972423565315,0.0,1.0,7.0
19,329,West Bengal,Koch Bihar,289434,69693.0,69.23,4180.759786219846,0.0,4.0,35.0
19,330,West Bengal,Uttar Dinajpur,362228,73291.0,64.57,5609.84977543751,0.0,1.0,74.0
19,331,West Bengal,Dakshin Dinajpur,236295,57175.0,31.25,7561.44,1.5,1.0,200.0
19,332,West Bengal,Maldah,541660,112784.0,86.09,6291.787664072482,0.0,2.0,19.0
19,333,West Bengal,Murshidabad,1400692,284559.0,264.28000000000003,5300.030270924776,0.0,0.0,3.0
19,334,West Bengal,Birbhum,449448,102423.0,120.8,3720.5960264900664,0.0,5.0,47.0
19,335,West Bengal,Barddhaman,3074424,658449.0,922.59,3332.3838324716285,0.0,0.0,7.0
19,336,West Bengal,Nadia,1438873,348972.0,314.66,4572.786499713977,0.0,1.0,5.0
19,337,West Bengal,North Twenty Four Parganas,5732162,1355449.0,622.9499999999999,9201.640581106029,0.0,1.0,2.0
19,338,West Bengal,Hugli,2128499,505943.0,342.12,6221.498304688414,0.0,0.0,4.0
19,339,West Bengal,Bankura,299773,65743.0,84.12899999999999,3563.2540503274736,0.0,12.0,12.0
19,340,West Bengal,Puruliya,373314,71988.0,147.67,2528.0287126701432,0.5,0.5,45.0
19,341,West Bengal,Haora,3074144,669902.0,431.5093,7124.1662694176,0.0,1.0,3.0
19,342,West Bengal,Kolkata,4496694,1024928.0,185.0,24306.454054054055,2.0,3.0,3.0
19,343,West Bengal,South Twenty Four Parganas,2087773,482962.0,417.319,5002.8227806546065,0.0,1.0,5.0
19,344,West Bengal,Paschim Medinipur,722686,158735.0,253.33,2852.745430860932,0.0,10.0,40.0
19,345,West Bengal,Purba Medinipur,592714,125386.0,224.65,2638.388604495882,0.0,7.0,33.0
20,346,Jharkhand,Garhwa,69670,13233.0,39.5,1763.7974683544303,1.5,35.0,200.0
20,347,Jharkhand,Chatra,62954,10975.0,32.61,1930.5121128488195,15.0,65.0,78.0
20,348,Jharkhand,Kodarma,141246,24462.0,77.47,1823.2348005679619,0.0,50.0,62.0
20,349,Jharkhand,Giridih,208024,35812.0,52.64,3951.8237082066867,0.0,5.0,55.0
20,350,Jharkhand,Deoghar,258361,46564.0,131.739,1961.158047351202,0.0,0.0,88.0
20,351,Jharkhand,Godda,64419,11833.0,14.51,4439.627842866988,20.0,40.0,72.0
20,352,Jharkhand,Sahibganj,159666,30967.0,27.22,5865.760470242469,0.0,90.0,220.0
20,353,Jharkhand,Pakur,67512,13411.0,18.59,3631.6299085529854,0.0,65.0,180.0
20,354,Jharkhand,Dhanbad,1560394,296040.0,181.242,8609.450348153297,0.0,0.0,0.0
20,355,Jharkhand,Bokaro,983644,188770.0,436.79,2251.983790837702,0.0,3.0,23.0
20,356,Jharkhand,Lohardaga,57411,11102.0,35.2,1630.994318181818,5.0,75.0,75.0
20,357,Jharkhand,Purbi Singhbhum,1274591,258771.0,187.27,6806.167565547071,0.0,4.0,0.0
20,358,Jharkhand,Palamu,226003,39926.0,84.439,2676.523881144969,2.0,2.0,160.0
20,359,Jharkhand,Latehar,51858,10065.0,39.08,1326.9703172978507,0.0,28.0,75.0
20,360,Jharkhand,Hazaribagh,275307,49298.0,94.2,2922.579617834395,9.0,0.0,70.0
20,361,Jharkhand,Ramgarh,418955,80546.0,176.0732,2379.4365070890967,0.0,37.0,37.0
20,362,Jharkhand,Dumka,90178,17409.0,27.25,3309.2844036697247,5.0,40.0,87.0
20,363,Jharkhand,Jamtara,75746,14964.0,32.05,2363.3697347893917,0.0,61.0,60.0
20,364,Jharkhand,Ranchi,1257335,243209.0,283.20500000000004,4439.6638477428005,0.0,0.0,0.0
20,365,Jharkhand,Khunti,44982,9055.0,34.3,1311.4285714285716,11.0,45.0,45.0
20,366,Jharkhand,Gumla,65081,12355.0,26.7033,2437.189411046575,26.0,80.0,80.0
20,367,Jharkhand,Simdega,42944,8252.0,36.2,1186.2983425414363,55.0,80.0,155.0
20,368,Jharkhand,Pashchimi Singhbhum,218034,44752.0,113.92,1913.9220505617977,0.0,60.0,60.0
20,369,Jharkhand,Saraikela Kharsawan,258746,53641.0,69.25,3736.4043321299637,0.0,0.0,4.0
21,370,Odisha,Bargarh,150110,34178.0,1123.4199999999998,133.6187712520696,0.0,50.0,175.0
21,371,Odisha,Jharsuguda,231165,51774.0,160.82,1437.4145006839947,0.0,33.0,66.0
21,372,Odisha,Sambalpur,308093,70186.0,1397.76,220.41909913003664,12.0,0.0,140.0
21,373,Odisha,Debagarh,22390,5394.0,24.1,929.045643153527,90.0,96.0,260.0
21,374,Odisha,Sundargarh,738097,166612.0,2753.439,268.0636832702668,0.0,0.0,110.0
21,375,Odisha,Kendujhar,253059,56824.0,7200.552,35.14438893018202,0.0,90.0,75.0
21,376,Odisha,Mayurbhanj,192896,43527.0,80.6,2393.2506203473945,0.0,58.0,70.0
21,377,Odisha,Baleshwar,253293,55567.0,111.854,2264.4965758935755,0.0,0.0,50.0
21,378,Odisha,Bhadrak,185838,35542.0,133.45,1392.56650430873,0.0,62.0,100.0
21,379,Odisha,Kendrapara,83534,16066.0,13.3,6280.751879699248,40.0,65.0,65.0
21,380,Odisha,Jagatsinghapur,115980,27681.0,47.45,2444.2571127502633,0.0,40.0,40.0
21,381,Odisha,Cuttack,721842,150682.0,263.47,2739.750256196151,0.0,0.0,0.0
21,382,Odisha,Jajapur,135069,29204.0,91.92000000000002,1469.419060052219,0.0,30.0,55.0
21,383,Odisha,Dhenkanal,117506,25918.0,79.669,1474.9275125833135,0.0,65.0,65.0
21,384,Odisha,Anugul,206546,47317.0,176.88,1167.7182270465853,0.0,3.0,105.0
21,385,Odisha,Nayagarh,79738,17465.0,61.13,1304.400458040242,8.0,30.0,60.0
21,386,Odisha,Khordha,1098953,300894.0,2004.7799999999995,548.1663823461927,4.0,15.0,15.0
21,387,Odisha,Puri,264366,54091.0,859.0799999999999,307.73152674954605,0.0,0.0,20.0
21,388,Odisha,Ganjam,761437,162461.0,4194.07,181.55085632810136,0.0,4.0,110.0
21,389,Odisha,Gajapati,70666,16158.0,35.0,2019.0285714285715,2.0,65.0,125.0
21,390,Odisha,Kandhamal,72279,16766.0,51.74,1396.9655972168534,98.0,122.0,211.0
21,391,Odisha,Baudh,20424,4559.0,20.7,986.6666666666667,30.0,100.0,230.0
21,392,Odisha,Subarnapur,49941,11790.0,52.84,945.1362604087811,21.0,62.0,260.0
21,393,Odisha,Balangir,191950,44124.0,93.69,2048.777884512755,0.0,50.0,125.0
21,394,Odisha,Nuapada,34054,7911.0,53.356,638.2412474698253,40.0,148.0,148.0
21,395,Odisha,Kalahandi,121987,27947.0,54.69,2230.5174620588773,30.0,150.0,360.0
21,396,Odisha,Rayagada,146966,34576.0,57.86,2540.02765295541,0.0,163.0,260.0
21,397,Odisha,Nabarangapur,87625,20215.0,317.524,275.9633917436162,39.0,44.0,268.0
21,398,Odisha,Koraput,226169,54894.0,1431.12,158.03636312817935,3.0,60.0,80.0
21,399,Odisha,Malkangiri,49528,11374.0,24.68,2006.807131280389,105.0,132.0,240.0
22,400,Chhattisgarh,Koriya,205299,45081.0,214.05,959.1170287316047,0.0,77.0,305.0
22,401,Chhattisgarh,Surguja,242921,49582.0,154.32,1574.1381544841888,0.0,25.0,250.0
22,402,Chhattisgarh,Jashpur,75992,16538.0,78.91,963.0211633506527,65.0,60.0,175.0
22,403,Chhattisgarh,Raigarh,246302,55162.0,119.5,2061.10460251046,0.0,9.0,200.0
22,404,Chhattisgarh,Korba,446290,99855.0,276.49999999999994,1614.0687160940329,0.0,22.0,185.0
22,405,Chhattisgarh,Janjgir Champa,225061,48188.0,205.37,1095.8806057359886,0.0,29.0,130.0
22,406,Chhattisgarh,Bilaspur,679870,144187.0,288.56,2356.078458552814,0.0,1.0,22.0
22,407,Chhattisgarh,Kabeerdham,87395,19146.0,56.150000000000006,1556.4559216384682,67.0,85.0,95.0
22,408,Chhattisgarh,Rajnandgaon,272512,59800.0,159.33999999999995,1710.2548010543499,0.0,26.0,40.0
22,409,Chhattisgarh,Durg,1284765,277413.0,554.8600000000001,2315.4759759218537,0.0,8.0,8.0
22,410,Chhattisgarh,Raipur,1483289,315647.0,500.58,2963.1407567222022,0.0,10.0,10.0
22,411,Chhattisgarh,Mahasamund,120152,27026.0,59.32000000000001,2025.4888739042478,0.0,55.0,55.0
22,412,Chhattisgarh,Dhamtari,149195,32496.0,98.49,1514.8238399837549,0.0,12.0,40.0
22,413,Chhattisgarh,Uttar Bastar Kanker,76761,17798.0,63.27,1213.2290184921762,30.0,30.0,108.0
22,414,Chhattisgarh,Bastar,193494,43280.0,173.71,1113.8909677047952,0.0,22.0,167.0
22,415,Chhattisgarh,Narayanpur,22106,4914.0,20.4,1083.6274509803923,130.0,130.0,245.0
22,416,Chhattisgarh,Dakshin Bastar Dantewada,96233,22575.0,143.10000000000002,672.4877707896575,0.0,36.0,145.0
22,417,Chhattisgarh,Bijapur,29600,6468.0,81.28999999999999,364.1284290810678,60.0,115.0,415.0
23,418,Madhya Pradesh,Sheopur,107352,20521.0,40.48,2651.9762845849805,0.0,102.0,117.0
23,419,Madhya Pradesh,Morena,470462,78105.0,68.75,6843.083636363636,0.0,0.0,19.0
23,420,Madhya Pradesh,Bhind,432922,72562.0,227.04,1906.809372797745,0.0,0.0,22.0
23,421,Madhya Pradesh,Gwalior,1273792,239351.0,302.87,4205.738435632449,0.0,30.0,0.0
23,422,Madhya Pradesh,Datia,181982,34198.0,29.79,6108.828465928164,0.0,0.0,30.0
23,423,Madhya Pradesh,Shivpuri,295423,55682.0,119.62,2469.678983447584,0.0,0.0,45.0
23,424,Madhya Pradesh,Tikamgarh,249873,46339.0,212.51,1175.8176085831255,0.0,48.0,18.0
23,425,Madhya Pradesh,Chhatarpur,399016,74427.0,371.64,1073.6626843181573,0.0,0.0,93.0
23,426,Madhya Pradesh,Panna,125335,25170.0,80.77,1551.7518880772566,48.0,48.0,165.0
23,427,Madhya Pradesh,Sagar,708796,138413.0,197.77,3583.940941497699,0.0,0.0,150.0
23,428,Madhya Pradesh,Damoh,250551,51680.0,150.49,1664.9013223469997,0.0,0.0,80.0
23,429,Madhya Pradesh,Satna,474418,92955.0,281.08,1687.8397609221574,0.0,0.0,115.0
23,430,Madhya Pradesh,Rewa,395785,75768.0,318.36,1243.1995225530845,0.0,0.0,42.0
23,431,Madhya Pradesh,Umaria,110544,23783.0,152.82000000000002,723.3608166470357,0.0,40.0,124.0
23,432,Madhya Pradesh,Neemuch,245230,48545.0,188.17,1303.2364351384388,0.0,0.0,82.0
23,433,Madhya Pradesh,Mandsaur,277604,56395.0,93.76,2960.7935153583617,0.0,0.0,115.0
23,434,Madhya Pradesh,Ratlam,435031,84829.0,111.79,3891.5019232489485,0.0,0.0,95.0
23,435,Madhya Pradesh,Ujjain,779213,152488.0,194.21,4012.2187323000876,0.0,0.0,0.0
23,436,Madhya Pradesh,Shajapur,293548,55782.0,113.04,2596.850672328379,0.0,38.0,78.0
23,437,Madhya Pradesh,Dewas,451759,87595.0,211.51,2135.875372322822,0.0,0.0,42.0
23,438,Madhya Pradesh,Dhar,413221,86741.0,231.4600000000001,1785.2803940205645,10.0,0.0,25.0
23,439,Madhya Pradesh,Indore,2427709,490140.0,349.14,6953.39691814172,0.0,0.0,0.0
23,440,Madhya Pradesh,West Nimar,298856,58673.0,57.31,5214.726923748037,0.0,0.0,60.0
23,441,Madhya Pradesh,Barwani,204069,38633.0,100.74,2025.6998213222157,45.0,20.0,63.0
23,442,Madhya Pradesh,Rajgarh,276457,53279.0,181.21,1525.6166878207605,0.0,81.0,82.0
23,443,Madhya Pradesh,Vidisha,339618,67513.0,96.09,3534.3740243521697,0.0,0.0,54.0
23,444,Madhya Pradesh,Bhopal,1917051,408747.0,350.05,5476.5062133980855,0.0,37.0,0.0
23,445,Madhya Pradesh,Sehore,248462,46843.0,98.4,2525.020325203252,0.0,0.0,37.0
23,446,Madhya Pradesh,Raisen,303425,62916.0,228.37,1328.6552524412139,0.0,13.0,20.0
23,447,Madhya Pradesh,Betul,309151,67953.0,101.83,3035.9520769910637,0.0,0.0,110.0
23,448,Madhya Pradesh,Harda,119364,23636.0,28.02,4259.957173447538,0.0,80.0,135.0
23,449,Madhya Pradesh,Hoshangabad,389986,81670.0,119.95,3251.2380158399333,0.0,0.0,75.0
23,450,Madhya Pradesh,Katni,263543,56429.0,100.61,2619.451346784614,0.0,0.0,92.0
23,451,Madhya Pradesh,Jabalpur,1440034,301662.0,346.59000000000003,4154.863094722871,0.0,51.0,0.0
23,452,Madhya Pradesh,Narsimhapur,203540,44061.0,109.56,1857.794815626141,0.0,120.0,54.0
23,453,Madhya Pradesh,Dindori,32318,7410.0,21.06,1534.567901234568,52.0,179.0,87.0
23,454,Madhya Pradesh,Mandla,130189,29331.0,65.5,1987.618320610687,0.0,80.0,65.0
23,455,Madhya Pradesh,Chhindwara,505183,110212.0,223.49,2260.427759631303,0.0,0.0,60.0
23,456,Madhya Pradesh,Seoni,163890,36517.0,59.86000000000001,2737.8884062813227,0.0,0.0,75.0
23,457,Madhya Pradesh,Balaghat,244816,54467.0,207.32,1180.8605054987459,0.0,30.0,142.0
23,458,Madhya Pradesh,Guna,312675,59360.0,156.5,1997.9233226837061,0.0,0.0,151.0
23,459,Madhya Pradesh,Ashoknagar,153684,29886.0,62.540000000000006,2457.371282379277,0.0,36.0,185.0
23,460,Madhya Pradesh,Shahdol,198923,41549.0,136.97,1452.3107249762722,0.0,55.0,170.0
23,461,Madhya Pradesh,Anuppur,205241,41760.0,203.19,1010.0940006890103,0.0,160.0,145.0
23,462,Madhya Pradesh,Sidhi,93121,18374.0,82.47,1129.1499939371893,30.0,52.0,220.0
23,463,Madhya Pradesh,Singrauli,226786,46023.0,290.2,781.4817367332874,0.0,0.0,360.0
23,464,Madhya Pradesh,Jhabua,91983,18223.0,31.03,2964.324846922333,0.0,50.0,150.0
23,465,Madhya Pradesh,Alirajpur,57074,10671.0,42.64,1338.5084427767354,40.0,40.0,182.0
23,466,Madhya Pradesh,East Nimar,259436,50473.0,96.76,2681.2319140140553,0.0,0.0,78.0
23,467,Madhya Pradesh,Burhanpur,260287,48499.0,81.18,3206.2946538556293,0.0,0.0,40.0
24,468,Gujarat,Kachchh,728535,159671.0,292.06,2494.4703143189754,0.0,2.0,160.0
24,469,Gujarat,Banas Kantha,414915,81973.0,198.25,2092.8877679697353,0.0,7.0,128.0
24,470,Gujarat,Patan,281081,58551.0,138.08,2035.6387601390497,0.0,18.0,108.0
24,471,Gujarat,Mahesana,514330,107943.0,188.33,2731.004088567939,0.0,18.0,54.0
24,472,Gujarat,Sabar Kantha,363720,75375.0,239.27000000000004,1520.1237096167506,0.0,37.0,55.0
24,473,Gujarat,Gandhinagar,600627,127996.0,376.59,1594.909583366526,0.0,1.0,8.0
24,474,Gujarat,Ahmadabad,6007060,1269632.0,870.4899999999999,6900.780020448254,0.0,7.0,7.0
24,475,Gujarat,Surendranagar,496916,102409.0,294.66,1686.4046697889091,0.0,32.0,50.0
24,476,Gujarat,Rajkot,2214050,471625.0,798.59,2772.4489412589687,0.0,3.0,5.0
24,477,Gujarat,Jamnagar,971065,200638.0,439.65,2208.7228477197773,0.0,27.0,46.0
24,478,Gujarat,Porbandar,285674,61152.0,178.33,1601.9402231817417,0.0,3.0,145.0
24,479,Gujarat,Junagadh,906412,179624.0,464.8200000000001,1950.027967815498,0.0,5.0,102.0
24,480,Gujarat,Amreli,386635,75796.0,312.79999999999995,1236.0453964194376,0.0,64.0,79.0
24,481,Gujarat,Bhavnagar,1182401,236235.0,408.54,2894.2110931610123,0.0,7.0,7.0
24,482,Gujarat,Anand,634987,129947.0,299.98999999999995,2116.693889796327,0.0,3.0,25.0
24,483,Gujarat,Kheda,523609,107165.0,214.38,2442.433995708555,0.0,12.0,29.0
24,484,Gujarat,Panch Mahals,334827,67963.0,118.61,2822.92386813928,0.0,2.0,40.0
24,485,Gujarat,Dohad,191625,35570.0,49.96,3835.568454763811,0.0,30.0,125.0
24,486,Gujarat,Vadodara,2065771,459506.0,424.6199999999999,4864.987518251614,0.0,9.0,5.0
24,487,Gujarat,Narmada,61872,13212.0,25.130000000000003,2462.077198567449,30.0,70.0,75.0
24,488,Gujarat,Bharuch,524959,116185.0,169.79000000000002,3091.8134165734136,0.0,1.0,35.0
24,489,Gujarat,The Dangs,24687,4810.0,10.51,2348.905803996194,0.0,100.0,138.0
24,490,Gujarat,Navsari,409137,91834.0,72.75,5623.876288659794,0.0,2.0,29.0
24,491,Gujarat,Valsad,635501,147455.0,221.77,2865.585967443748,0.0,44.0,75.0
24,492,Gujarat,Surat,4815400,1054829.0,488.87,9850.062388774111,0.0,10.0,10.0
24,493,Gujarat,Tapi,79487,17063.0,34.79,2284.765737280828,0.0,62.0,60.0
25,494,Daman Diu,Diu,23991,5249.0,11.66,2057.5471698113206,8.0,93.0,261.0
25,495,Daman Diu,Daman,158860,42963.0,36.86,4309.820944112859,5.0,82.0,105.0
26,496,Dadra Nagar Haveli,Dadra Nagar Haveli,160595,40364.0,45.7,3514.113785557987,6.0,80.0,133.0
27,497,Maharashtra,Nandurbar,275474,50738.0,60.05,4587.410491257286,0.0,20.0,225.0
27,498,Maharashtra,Dhule,571036,112157.0,116.67,4894.454444158739,0.0,3.0,141.0
27,499,Maharashtra,Jalgaon,1342711,279073.0,347.8500000000001,3860.0287480235725,0.0,3.0,90.0
27,500,Maharashtra,Buldana,548860,110220.0,120.76,4545.048029148725,0.0,25.0,90.0
27,501,Maharashtra,Akola,719741,145530.0,83.96000000000001,8572.427346355407,0.0,4.0,52.0
27,502,Maharashtra,Washim,211413,41061.0,80.09,2639.6928455487578,0.0,64.0,70.0
27,503,Maharashtra,Amravati,1037287,217169.0,242.36,4279.943059910876,0.0,30.0,30.0
27,504,Maharashtra,Wardha,423300,97353.0,89.00999999999999,4755.645433097406,0.0,2.0,48.0
27,505,Maharashtra,Nagpur,3178759,701547.0,482.95,6581.962936121752,0.0,8.0,8.0
27,506,Maharashtra,Bhandara,233831,53143.0,72.34,3232.3887199336464,0.0,50.0,50.0
27,507,Maharashtra,Gondiya,225930,48529.0,94.16,2399.426508071368,0.0,2.0,113.0
27,508,Maharashtra,Gadchiroli,118033,28022.0,75.24,1568.7533227006911,0.0,75.0,130.0
27,509,Maharashtra,Chandrapur,775378,180458.0,290.6,2668.1968341362694,0.0,5.0,102.0
27,510,Maharashtra,Yavatmal,598153,131384.0,166.91,3583.6858187046914,0.0,1.0,70.0
27,511,Maharashtra,Nanded,913898,171093.0,241.31,3787.236335004766,0.0,5.0,5.0
27,512,Maharashtra,Hingoli,178733,32613.0,56.46,3165.657102373362,0.0,34.0,51.0
27,513,Maharashtra,Parbhani,569806,104731.0,112.89,5047.444414917176,0.0,17.0,36.0
27,514,Maharashtra,Jalna,377429,70793.0,106.16,3555.284476262246,0.0,29.0,65.0
27,515,Maharashtra,Aurangabad,1620170,330965.0,309.35,5237.336350412154,0.0,3.0,3.0
27,516,Maharashtra,Nashik,2597373,545577.0,647.2099999999999,4013.1842833083547,0.0,2.0,11.0
27,517,Maharashtra,Thane,8514678,1987566.0,1098.21,7753.232988226296,0.0,1.0,2.0
27,518,Maharashtra,Mumbai Suburban,9356962,2105604.0,603.0,15517.349917081261,0.0,35.0,35.0
27,519,,,3085411,674339.0,,,0.0,35.0,35.0
27,520,Maharashtra,Raigarh,970195,230586.0,266.49999999999994,3640.5065666041282,0.0,2.0,3.0
27,521,Maharashtra,Pune,5751182,1371531.0,843.3100000000001,6819.772088555809,0.0,4.0,4.0
27,522,Maharashtra,Ahmadnagar,912617,190941.0,466.57,1956.0130312707633,0.0,3.0,75.0
27,523,Maharashtra,Bid,514298,100247.0,158.31,3248.6766470848333,0.0,1.0,95.0
27,524,Maharashtra,Latur,624980,118163.0,84.38,7406.731452950937,0.0,6.0,98.0
27,525,Maharashtra,Osmanabad,281057,54787.0,129.01,2178.567552902876,18.0,22.0,45.0
27,526,Maharashtra,Solapur,1399091,279607.0,363.09,3853.2898179514723,0.0,35.0,38.0
27,527,Maharashtra,Satara,570378,125148.0,435.17,1310.701564905669,0.0,2.0,68.0
27,528,Maharashtra,Ratnagiri,263723,61797.0,118.17000000000002,2231.7254802403313,0.0,95.0,95.0
27,529,Maharashtra,Sindhudurg,107006,26638.0,64.28999999999999,1664.4268159900453,0.0,43.0,120.0
27,530,Maharashtra,Kolhapur,1230009,271721.0,340.0399999999999,3617.2479708269625,0.0,2.0,5.0
27,531,Maharashtra,Sangli,719357,155950.0,354.28,2030.4758947724965,0.0,4.0,4.0
28,532,Andhra Pradesh,Adilabad,760259,176839.0,353.70000000000005,2149.445858071812,0.0,0.0,130.0
28,533,Andhra Pradesh,Nizamabad,588372,127696.0,130.98,4492.075125973432,0.0,0.0,111.0
28,534,Andhra Pradesh,Karimnagar,939641,232601.0,383.8999999999999,2447.6191716592866,0.0,0.0,70.0
28,535,Andhra Pradesh,Medak,636044,142130.0,371.34,1712.8345990197663,0.0,25.0,25.0
28,536,Andhra Pradesh,Hyderabad,496057,115653.0,216.99,2286.082307940458,0.0,0.0,0.0
28,537,Andhra Pradesh,Rangareddy,1043520,240948.0,1034.24,1008.9727722772277,0.0,4.0,4.0
28,538,Andhra Pradesh,Mahbubnagar,607692,126345.0,275.98,2201.9421697224434,0.0,0.0,47.0
28,539,Andhra Pradesh,Nalgonda,662507,159645.0,379.33,1746.5188622044132,0.0,0.0,25.0
28,540,Andhra Pradesh,Warangal,949452,230439.0,377.37,2515.971062882582,0.0,0.0,0.0
28,541,Andhra Pradesh,Khammam,643838,167902.0,211.41,3045.447235230122,0.0,0.0,70.0
28,542,Andhra Pradesh,Srikakulam,434126,108363.0,186.04,2333.5089228122984,0.0,0.0,100.0
28,543,Andhra Pradesh,Vizianagaram,490911,123623.0,149.82000000000002,3276.672006407689,0.0,0.0,36.0
28,544,Andhra Pradesh,Visakhapatnam,1285565,326452.0,632.1600000000001,2033.6069982282963,0.0,0.0,0.0
28,545,Andhra Pradesh,East Godavari,1207826,354755.0,300.44000000000005,4020.190387431766,0.0,0.0,97.0
28,546,Andhra Pradesh,West Godavari,808777,214318.0,155.39,5204.820129995495,0.0,0.0,60.0
28,547,Andhra Pradesh,Krishna,1722234,459831.0,363.85,4733.362649443452,0.0,0.0,0.0
28,548,Andhra Pradesh,Guntur,1652738,419145.0,315.49,5238.638308662715,0.0,0.0,0.0
28,549,Andhra Pradesh,Prakasam,657420,166767.0,268.63,2447.3067043889364,0.0,0.0,66.0
28,550,Andhra Pradesh,Sri Potti Sriramulu Nellore,856943,209551.0,232.06,3692.764802206326,0.0,0.0,0.0
28,551,Andhra Pradesh,Ysr Kadapa,911348,212474.0,482.25000000000006,1889.7833074131672,0.0,3.0,261.0
28,552,Andhra Pradesh,Kurnool,836451,181008.0,347.39,2407.8154235873226,0.0,0.0,208.0
28,553,Andhra Pradesh,Anantapur,1139554,266213.0,376.94,3023.1707964132224,0.0,0.0,100.0
28,554,Andhra Pradesh,Chittoor,1226899,301526.0,318.61999999999995,3850.665369405562,0.0,0.0,40.0
29,555,Karnataka,Belgaum,1211195,264621.0,415.7148,2913.523887049487,0.0,0.0,0.0
29,556,Karnataka,Bagalkot,597846,118459.0,182.92,3268.346818281216,0.0,12.0,96.0
29,557,Karnataka,Bijapur,501978,99055.0,263.47,1905.2567654761451,0.0,42.0,62.0
29,558,Karnataka,Bidar,425952,79958.0,164.73,2585.7585139318885,0.0,42.0,130.0
29,559,Karnataka,Raichur,490348,96268.0,112.41,4362.138599768704,0.0,0.0,199.0
29,560,Karnataka,Koppal,233704,46847.0,36.86,6340.314704286489,0.0,14.0,134.0
29,561,Karnataka,Gadag,379309,79314.0,270.44,1402.5624907558054,0.0,0.0,60.0
29,562,Karnataka,Dharwad,1049539,222026.0,301.09,3485.7982662991135,0.0,0.0,0.0
29,563,Karnataka,Uttara Kannada,418981,95643.0,252.7827,1657.4749775202179,0.0,48.0,48.0
29,564,Karnataka,Haveri,355501,73219.0,143.4,2479.086471408647,0.0,16.0,65.0
29,565,Karnataka,Bellary,920239,193860.0,412.27,2232.1270041477674,0.0,0.0,152.0
29,566,Karnataka,Chitradurga,329533,73334.0,137.97,2388.439515836776,0.0,2.0,164.0
29,567,Karnataka,Davanagere,629010,134755.0,143.69,4377.548889971466,0.0,12.0,148.0
29,568,Karnataka,Shimoga,623727,147360.0,237.92,2621.5828850033627,0.0,0.0,106.0
29,569,Karnataka,Udupi,334061,75549.0,243.67,1370.9566216604426,0.0,8.0,27.0
29,570,Karnataka,Chikmagalur,239508,57838.0,110.53,2166.9049126933864,0.0,20.0,80.0
29,571,Karnataka,Tumkur,599078,142560.0,128.14,4675.1833931637275,0.0,0.0,70.0
29,572,Karnataka,Bengaluru Urban,8749944,2180638.0,804.8532,10871.478177635376,0.0,0.0,0.0
29,573,Karnataka,Mandya,308362,73354.0,56.68,5440.402258292166,0.0,0.0,14.0
29,574,Karnataka,Hassan,376763,91819.0,81.2227,4638.6416605210115,0.0,0.0,78.0
29,575,Karnataka,Dakshina Kannada,996086,214490.0,551.2641,1806.9125125325593,0.0,0.0,0.0
29,576,Karnataka,Kodagu,80988,20727.0,26.599999999999994,3044.661654135339,48.0,80.0,88.0
29,577,Karnataka,Mysore,1245413,294016.0,207.77,5994.190691630168,0.0,0.0,0.0
29,578,Karnataka,Chamarajanagar,174974,40737.0,65.63,2666.0673472497338,0.0,60.0,60.0
29,579,Karnataka,Gulbarga,835551,158721.0,249.96700000000004,3342.64522917025,0.0,0.0,80.0
29,580,Karnataka,Yadgir,220677,39876.0,100.83,2188.604581969652,0.0,54.0,73.0
29,581,Karnataka,Kolar,480073,106290.0,120.95000000000002,3969.1856138900366,0.0,0.0,50.0
29,582,Karnataka,Chikkaballapura,281119,63711.0,57.3289,4903.617547170799,0.0,25.0,60.0
29,583,Karnataka,Bangalore Rural,268744,64465.0,68.45,3926.135865595325,0.0,25.0,25.0
29,584,Karnataka,Ramanagara,267759,60860.0,42.440000000000005,6309.118755890669,0.0,34.0,34.0
30,585,Goa,North Goa,493081,117062.0,479.52,1028.2803636970305,2.0,120.0,450.0
30,586,Goa,South Goa,413733,98341.0,299.02,1383.6298575346132,0.0,153.0,490.0
31,587,Lakshadweep,Lakshadweep,50332,8864.0,21.37,2355.2643893308377,228.0,228.0,228.0
32,588,Kerala,Kasaragod,509047,104170.0,290.37,1753.0977718083823,0.0,0.0,135.0
32,589,Kerala,Kannur,1640986,352069.0,1003.66,1635.0018930713588,0.0,30.0,66.0
32,590,Kerala,Wayanad,31580,7519.0,40.74,775.1595483554246,68.0,68.0,68.0
32,591,Kerala,Kozhikode,2072572,462007.0,944.15,2195.172377270561,0.0,0.0,0.0
32,592,Kerala,Malappuram,1817211,345962.0,899.59,2020.043575406574,0.0,0.0,18.0
32,593,Kerala,Palakkad,676810,154935.0,399.69000000000005,1693.3373364357374,0.0,0.0,46.0
32,594,Kerala,Thrissur,2096406,508333.0,1161.17,1805.4255621485224,0.0,0.0,30.0
32,595,Kerala,Ernakulam,2234363,554096.0,925.26,2414.848799256425,0.0,0.0,0.0
32,596,Kerala,Idukki,52045,12604.0,35.43,1468.9528648038386,32.0,85.0,62.0
32,597,Kerala,Kottayam,565393,140397.0,273.71000000000004,2065.6643893171604,0.0,32.0,50.0
32,598,Kerala,Alappuzha,1148146,287342.0,550.11,2087.1207576666484,0.0,0.0,42.0
32,599,Kerala,Pathanamthitta,131613,35069.0,81.21000000000001,1620.650166235685,0.0,49.0,93.0
32,600,Kerala,Kollam,1187158,292696.0,416.25,2852.0312312312312,0.0,0.0,60.0
32,601,Kerala,Thiruvananthapuram,1771596,446914.0,577.46,3067.9111973123677,0.0,0.0,0.0
33,602,Tamil Nadu,Thiruvallur,2428395,615252.0,537.66,4516.599709853811,0.0,0.0,0.0
33,603,Tamil Nadu,Chennai,4646732,1154982.0,175.0,26552.754285714287,0.0,0.0,0.0
33,604,Tamil Nadu,Kancheepuram,2538336,644880.0,664.593,3819.3841945371078,0.0,0.0,3.0
33,605,Tamil Nadu,Vellore,1701987,392575.0,543.902,3129.2162926409533,0.0,0.0,70.0
33,606,Tamil Nadu,Tiruvannamalai,494945,116147.0,174.32,2839.2898118402936,0.0,0.0,81.0
33,607,Tamil Nadu,Viluppuram,519088,121521.0,201.34000000000003,2578.166285884573,0.0,2.0,72.0
33,608,Tamil Nadu,Salem,1774122,463944.0,675.5899999999999,2626.033541053006,0.0,0.0,0.0
33,609,Tamil Nadu,Namakkal,696125,192263.0,300.575,2315.9777093903353,3.0,3.0,20.0
33,610,Tamil Nadu,Erode,1157976,334569.0,768.2900000000001,1507.2121204232776,0.0,0.0,16.0
33,611,Tamil Nadu,The Nilgiris,435655,114632.0,582.29,748.1753078363015,0.0,70.0,54.0
33,612,Tamil Nadu,Dindigul,808040,209803.0,562.79,1435.7753336057856,0.0,0.0,28.0
33,613,Tamil Nadu,Karur,434517,118699.0,283.5,1532.6878306878307,0.0,30.0,30.0
33,614,Tamil Nadu,Tiruchirappalli,1338033,341160.0,466.2650000000001,2869.6835490547214,0.0,0.0,0.0
33,615,Tamil Nadu,Perambalur,97163,25298.0,83.66999999999999,1161.264491454524,30.0,60.0,60.0
33,616,Tamil Nadu,Ariyalur,83794,21187.0,53.31,1571.825173513412,0.0,30.0,70.0
33,617,Tamil Nadu,Cuddalore,885189,212105.0,459.32,1927.1727771488288,0.0,0.0,102.0
33,618,Tamil Nadu,Nagapattinam,364624,90487.0,187.76,1941.9684703877292,0.0,0.0,120.0
33,619,Tamil Nadu,Thiruvarur,257795,65220.0,102.59999999999998,2512.621832358675,0.0,10.0,95.0
33,620,Tamil Nadu,Thanjavur,851359,214161.0,366.46,2323.1976204769962,0.0,0.0,32.0
33,621,Tamil Nadu,Pudukkottai,316354,77394.0,168.92999999999998,1872.6928313502638,0.0,0.0,28.0
33,622,Tamil Nadu,Sivaganga,412845,104425.0,176.66,2336.9466772331034,0.0,0.0,19.0
33,623,Tamil Nadu,Madurai,1846801,479851.0,317.45,5817.612222397228,0.0,0.0,0.0
33,624,Tamil Nadu,Theni,670481,181393.0,297.31,2255.1579159799535,0.0,12.0,59.0
33,625,Tamil Nadu,Virudhunagar,980226,272746.0,446.7,2194.3720617864337,0.0,0.0,30.0
33,626,Tamil Nadu,Ramanathapuram,410699,95141.0,191.015,2150.0876894484727,0.0,60.0,60.0
33,627,Tamil Nadu,Thoothukkudi,876802,226561.0,414.8,2113.794599807136,0.0,0.0,70.0
33,628,Tamil Nadu,Tirunelveli,1520229,396471.0,1057.13,1438.0719495237104,0.0,0.0,88.0
33,629,Tamil Nadu,Kanniyakumari,1539802,398061.0,662.8399999999999,2323.037233721562,0.0,0.0,10.0
33,630,Tamil Nadu,Dharmapuri,260912,65464.0,89.57,2912.939600312605,0.0,42.0,42.0
33,631,Tamil Nadu,Krishnagiri,428363,105194.0,163.27,2623.647945121578,0.0,0.0,35.0
33,632,Tamil Nadu,Coimbatore,2618940,715878.0,1628.115,1608.5718760652655,0.0,0.0,1.0
33,633,Tamil Nadu,Tiruppur,1521111,429023.0,832.53,1827.0945191164283,0.0,0.0,30.0
34,634,Puducherry,Yanam,55626,13812.0,30.0,1854.2,26.0,26.0,185.0
34,635,Puducherry,Puducherry,657209,162016.0,77.26,8506.458710846491,0.0,5.0,164.0
34,636,Puducherry,Mahe,41816,7420.0,9.0,4646.222222222223,3.0,8.0,65.0
34,637,Puducherry,Karaikal,98102,24184.0,38.3,2561.4099216710183,4.0,6.0,160.0
35,639,Andaman Nicobar Islands,North Middle Andaman,2741,724.0,5.95,460.672268907563,1100.0,159.0,1100.0
35,640,Andaman Nicobar Islands,South Andaman,140747,35297.0,32.0437,4392.3454532404185,1100.0,30.0,1100.0
